year,film,wiki,nominations
2013,12 Years a Slave,/wiki/12_Years_a_Slave_(film),9
2019,1917,/wiki/1917_(2019_film),10
2013,20 Feet from Stardom,/wiki/20_Feet_from_Stardom,1
1954,"20,000 Leagues Under the Sea","/wiki/20,000_Leagues_Under_the_Sea_(1954_film)",3
1968,2001: A Space Odyssey,/wiki/2001:_A_Space_Odyssey_(film),4
1964,7 Faces of Dr. Lao,/wiki/7_Faces_of_Dr._Lao,1
1927  /  28,7th Heaven,/wiki/7th_Heaven_(1927_film),5
2002,8 Mile,/wiki/8_Mile_(film),1
2001,A Beautiful Mind,/wiki/A_Beautiful_Mind_(film),8
1946,A Boy and His Dog,/wiki/A_Boy_and_His_Dog_(1946_film),1
1949,A Chance to Live,/wiki/A_Chance_to_Live,1
1972,A Christmas Carol,/wiki/A_Christmas_Carol_(1971_film),1
1995,A Close Shave,/wiki/A_Close_Shave,1
1937,A Damsel in Distress,/wiki/A_Damsel_in_Distress_(1937_film),2
1947,A Double Life,/wiki/A_Double_Life_(1947_film),4
2017,A Fantastic Woman,/wiki/A_Fantastic_Woman,1
1932  /  33,A Farewell to Arms,/wiki/A_Farewell_to_Arms_(1932_film),4
1988,A Fish Called Wanda,/wiki/A_Fish_Called_Wanda,3
1930  /  31,A Free Soul,/wiki/A_Free_Soul,3
1966,A Funny Thing Happened on the Way to the Forum,/wiki/A_Funny_Thing_Happened_on_the_Way_to_the_Forum_(film),1
2015,A Girl in the River: The Price of Forgiveness,/wiki/A_Girl_in_the_River:_The_Price_of_Forgiveness,1
1986,A Greek Tragedy,/wiki/A_Greek_Tragedy,1
1966,A Herb Alpert and the Tijuana Brass Double Feature,/wiki/A_Herb_Alpert_and_the_Tijuana_Brass_Double_Feature,1
1959,A Hole in the Head,/wiki/A_Hole_in_the_Head,1
1949,A Letter to Three Wives,/wiki/A_Letter_to_Three_Wives,3
1977,A Little Night Music,/wiki/A_Little_Night_Music_(film),2
1979,A Little Romance,/wiki/A_Little_Romance,2
1966,A Man and a Woman,/wiki/A_Man_and_a_Woman,4
1966,A Man for All Seasons,/wiki/A_Man_for_All_Seasons_(1966_film),8
1935,A Midsummer Night's Dream,/wiki/A_Midsummer_Night%27s_Dream_(1935_film),4
2005,A Note of Triumph: The Golden Age of Norman Corwin,/wiki/A_Note_of_Triumph:_The_Golden_Age_of_Norman_Corwin,1
1984,A Passage to India,/wiki/A_Passage_to_India_(film),11
1965,A Patch of Blue,/wiki/A_Patch_of_Blue,5
1951,A Place in the Sun,/wiki/A_Place_in_the_Sun_(1951_film),9
1967,A Place to Stand,/wiki/A_Place_to_Stand_(film),2
1992,A River Runs Through It,/wiki/A_River_Runs_Through_It_(film),3
1986,A Room with a View,/wiki/A_Room_with_a_View_(1985_film),8
2011,A Separation,/wiki/A_Separation,2
1982,A Shocking Accident,/wiki/A_Shocking_Accident,1
2018,A Star Is Born,/wiki/A_Star_Is_Born_(2018_film),8
1997,A Story of Healing,/wiki/A_Story_of_Healing,1
1951,A Streetcar Named Desire,/wiki/A_Streetcar_Named_Desire_(1951_film),12
1965,A Thousand Clowns,/wiki/A_Thousand_Clowns,4
1954,A Time Out of War,/wiki/A_Time_Out_of_War,1
1994,A Time for Justice,/wiki/A_Time_for_Justice,1
1973,A Touch of Class,/wiki/A_Touch_of_Class_(film),5
1945,A Tree Grows in Brooklyn,/wiki/A_Tree_Grows_in_Brooklyn_(1945_film),2
1966,A Year Toward Tomorrow,/wiki/A_Year_Toward_Tomorrow,1
2002,Adaptation,/wiki/Adaptation_(film),4
1949,Adventures of Don Juan,/wiki/Adventures_of_Don_Juan,2
1998,Affliction,/wiki/Affliction_(1997_film),2
1943,Air Force,/wiki/Air_Force_(film),4
1970,Airport,/wiki/Airport_(1970_film),10
1992,Aladdin,/wiki/Aladdin_(1992_Disney_film),5
1957,Albert Schweitzer,/wiki/Albert_Schweitzer_(film),1
1938,Alexander's Ragtime Band,/wiki/Alexander%27s_Ragtime_Band_(film),6
1974,Alice Doesn't Live Here Anymore,/wiki/Alice_Doesn%27t_Live_Here_Anymore,3
2010,Alice in Wonderland,/wiki/Alice_in_Wonderland_(2010_film),3
1979,Alien,/wiki/Alien_(film),2
1986,Aliens,/wiki/Aliens_(film),7
1950,All About Eve,/wiki/All_About_Eve,14
1999,All About My Mother,/wiki/All_About_My_Mother,1
2022,All Quiet on the Western Front,/wiki/All_Quiet_on_the_Western_Front_(2022_film),9
1979,All That Jazz,/wiki/All_That_Jazz_(film),9
1941,All That Money Can Buy,/wiki/The_Devil_and_Daniel_Webster_(film),2
1949,All the King's Men,/wiki/All_the_King%27s_Men_(1949_film),7
1976,All the President's Men,/wiki/All_the_President%27s_Men_(film),8
2000,Almost Famous,/wiki/Almost_Famous,4
1958,Ama Girls,/wiki/Ama_Girls,1
1984,Amadeus,/wiki/Amadeus_(film),11
1974,Amarcord,/wiki/Amarcord,3
1963,America America,/wiki/America_America,4
1999,American Beauty,/wiki/American_Beauty_(1999_film),8
1990,American Dream,/wiki/American_Dream_(film),1
2019,American Factory,/wiki/American_Factory,1
2014,American Sniper,/wiki/American_Sniper,6
2012,Amour,/wiki/Amour_(2012_film),5
1943,Amphibious Fighters,/wiki/Amphibious_Fighters,1
2015,Amy,/wiki/Amy_(2015_film),1
1981,An American Werewolf in London,/wiki/An_American_Werewolf_in_London,1
1951,An American in Paris,/wiki/An_American_in_Paris_(film),8
2006,An Inconvenient Truth,/wiki/An_Inconvenient_Truth,2
2022,An Irish Goodbye,/wiki/An_Irish_Goodbye,1
1963,An Occurrence at Owl Creek Bridge,/wiki/An_Occurrence_at_Owl_Creek_Bridge_(film),1
1982,An Officer and a Gentleman,/wiki/An_Officer_and_a_Gentleman,6
1956,Anastasia,/wiki/Anastasia_(1956_film),2
1945,Anchors Aweigh,/wiki/Anchors_Aweigh_(film),5
1975,Angel and Big Joe,/wiki/Angel_and_Big_Joe,1
1985,Anna & Bella,/wiki/Anna_%26_Bella,1
2012,Anna Karenina,/wiki/Anna_Karenina_(2012_film),4
1946,Anna and the King of Siam,/wiki/Anna_and_the_King_of_Siam_(film),5
1995,Anne Frank Remembered,/wiki/Anne_Frank_Remembered,1
1969,Anne of the Thousand Days,/wiki/Anne_of_the_Thousand_Days,10
1950,Annie Get Your Gun,/wiki/Annie_Get_Your_Gun_(film),4
1977,Annie Hall,/wiki/Annie_Hall,5
2020  /  21,Another Round,/wiki/Another_Round_(film),2
1936,Anthony Adverse,/wiki/Anthony_Adverse,7
1995,Antonia's Line,/wiki/Antonia%27s_Line,1
1979,Apocalypse Now,/wiki/Apocalypse_Now,8
1995,Apollo 13,/wiki/Apollo_13_(film),9
1949,Aquatic House Party,/wiki/Aquatic_House_Party,1
2012,Argo,/wiki/Argo_(2012_film),7
1940,"Arise, My Love","/wiki/Arise,_My_Love",4
1956,Around the World in 80 Days,/wiki/Around_the_World_in_80_Days_(1956_film),8
2016,Arrival,/wiki/Arrival_(film),8
1981,Arthur,/wiki/Arthur_(1981_film),4
1969,Arthur Rubinstein – The Love of Life,/wiki/Arthur_Rubinstein_%E2%80%93_The_Love_of_Life,1
1986,Artie Shaw: Time Is All You've Got,/wiki/Artie_Shaw:_Time_Is_All_You%27ve_Got,1
1997,As Good as It Gets,/wiki/As_Good_as_It_Gets,7
2007,Atonement,/wiki/Atonement_(2007_film),7
2009,Avatar,/wiki/Avatar_(2009_film),9
2022,Avatar: The Way of Water,/wiki/Avatar:_The_Way_of_Water,4
1960,BUtterfield 8,/wiki/BUtterfield_8,2
1995,Babe,/wiki/Babe_(film),7
2006,Babel,/wiki/Babel_(film),7
1987,Babette's Feast,/wiki/Babette%27s_Feast,1
1985,Back to the Future,/wiki/Back_to_the_Future,4
1931  /  32,Bad Girl,/wiki/Bad_Girl_(1931_film),3
1989,Balance,/wiki/Balance_(1989_film),1
2018,Bao,/wiki/Bao_(film),1
1975,Barry Lyndon,/wiki/Barry_Lyndon,7
1989,Batman,/wiki/Batman_(1989_film),1
1949,Battleground,/wiki/Battleground_(film),6
1953,Bear Country,/wiki/Bear_Country_(film),1
2015,Bear Story,/wiki/Bear_Story,1
1991,Beauty and the Beast,/wiki/Beauty_and_the_Beast_(1991_film),6
1964,Becket,/wiki/Becket_(1964_film),12
1971,Bedknobs and Broomsticks,/wiki/Bedknobs_and_Broomsticks,5
1988,Beetlejuice,/wiki/Beetlejuice,1
2011,Beginners,/wiki/Beginners,1
1979,Being There,/wiki/Being_There,2
1993,Belle Epoque,/wiki/Belle_Epoque_(film),1
1959,Ben-Hur,/wiki/Ben-Hur_(1959_film),12
1951,Benjy,/wiki/Benjy_(film),1
1979,Best Boy,/wiki/Best_Boy_(film),1
1942,Beyond the Line of Duty,/wiki/Beyond_the_Line_of_Duty,1
1949,Bicycle Thieves,/wiki/Bicycle_Thieves,1
2014,Big Hero 6,/wiki/Big_Hero_6_(film),1
2000,Big Mama,/wiki/Big_Mama_(film),1
1948,Bill and Coo,/wiki/Bill_and_Coo,0
1988,Bird,/wiki/Bird_(1988_film),1
1957,Birds Anonymous,/wiki/Birds_Anonymous,1
2018,BlacKkKlansman,/wiki/BlacKkKlansman,6
1962,Black Fox: The Rise and Fall of Adolf Hitler,/wiki/Black_Fox:_The_Rise_and_Fall_of_Adolf_Hitler,1
2001,Black Hawk Down,/wiki/Black_Hawk_Down_(film),4
1947,Black Narcissus,/wiki/Black_Narcissus,2
1959,Black Orpheus,/wiki/Black_Orpheus,1
2018,Black Panther,/wiki/Black_Panther_(film),7
2022,Black Panther: Wakanda Forever,/wiki/Black_Panther:_Wakanda_Forever,5
1993,Black Rider,/wiki/Schwarzfahrer,1
2010,Black Swan,/wiki/Black_Swan_(film),5
1976,Black and White in Color,/wiki/Black_and_White_in_Color,1
2017,Blade Runner 2049,/wiki/Blade_Runner_2049,5
1946,Blithe Spirit,/wiki/Blithe_Spirit_(1945_film),1
1941,Blood and Sand,/wiki/Blood_and_Sand_(1941_film),2
1945,Blood on the Sun,/wiki/Blood_on_the_Sun,1
1941,Blossoms in the Dust,/wiki/Blossoms_in_the_Dust,4
2013,Blue Jasmine,/wiki/Blue_Jasmine,3
1994,Blue Sky,/wiki/Blue_Sky_(1994_film),1
1979,Board and Care,/wiki/Board_and_Care,1
1994,Bob's Birthday,/wiki/Bob%27s_Birthday,1
1947,Body and Soul,/wiki/Body_and_Soul_(1947_film),3
2018,Bohemian Rhapsody,/wiki/Bohemian_Rhapsody_(film),5
2019,Bombshell,/wiki/Bombshell_(2019_film),3
1967,Bonnie and Clyde,/wiki/Bonnie_and_Clyde_(film),10
1936,Bored of Education,/wiki/Bored_of_Education,1
1966,Born Free,/wiki/Born_Free,2
1950,Born Yesterday,/wiki/Born_Yesterday_(1950_film),5
2004,Born into Brothels,/wiki/Born_into_Brothels,1
1989,Born on the Fourth of July,/wiki/Born_on_the_Fourth_of_July_(film),8
1976,Bound for Glory,/wiki/Bound_for_Glory_(1976_film),6
2002,Bowling for Columbine,/wiki/Bowling_for_Columbine,1
2014,Boyhood,/wiki/Boyhood_(2014_film),6
1999,Boys Don't Cry,/wiki/Boys_Don%27t_Cry_(1999_film),2
1938,Boys Town,/wiki/Boys_Town_(film),5
1983,Boys and Girls,/wiki/Boys_and_Girls_(1983_film),1
1992,Bram Stoker's Dracula,/wiki/Bram_Stoker%27s_Dracula_(1992_film),4
2012,Brave,/wiki/Brave_(2012_film),1
1995,Braveheart,/wiki/Braveheart,10
1961,Breakfast at Tiffany's,/wiki/Breakfast_at_Tiffany%27s_(film),5
1979,Breaking Away,/wiki/Breaking_Away,5
1952,Breaking the Sound Barrier,/wiki/The_Sound_Barrier,2
1996,Breathing Lessons: The Life and Work of Mark O'Brien,/wiki/Breathing_Lessons:_The_Life_and_Work_of_Mark_O%27Brien,1
2015,Bridge of Spies,/wiki/Bridge_of_Spies_(film),6
1935,Broadway Melody of 1936,/wiki/Broadway_Melody_of_1936,3
2005,Brokeback Mountain,/wiki/Brokeback_Mountain,8
1954,Broken Lance,/wiki/Broken_Lance,2
1985,Broken Rainbow,/wiki/Broken_Rainbow_(film),1
1991,Bugsy,/wiki/Bugsy,10
1994,Bullets Over Broadway,/wiki/Bullets_Over_Broadway,7
1968,Bullitt,/wiki/Bullitt,2
1998,Bunny,/wiki/Bunny_(1998_film),1
1994,Burnt by the Sun,/wiki/Burnt_by_the_Sun,1
1939,Busy Little Bears,/wiki/Busy_Little_Bears,1
1969,Butch Cassidy and the Sundance Kid,/wiki/Butch_Cassidy_and_the_Sundance_Kid,7
1972,Butterflies Are Free,/wiki/Butterflies_Are_Free,3
2021,CODA,/wiki/CODA_(2021_film),3
1972,Cabaret,/wiki/Cabaret_(1972_film),10
1969,Cactus Flower,/wiki/Cactus_Flower_(film),1
1953,Calamity Jane,/wiki/Calamity_Jane_(film),3
1978,California Suite,/wiki/California_Suite_(film),3
1953,Call Me Madam,/wiki/Call_Me_Madam_(film),2
2017,Call Me by Your Name,/wiki/Call_Me_by_Your_Name_(film),4
1967,Camelot,/wiki/Camelot_(film),5
2005,Capote,/wiki/Capote_(film),5
1950,"Captain Carey, U.S.A.","/wiki/Captain_Carey,_U.S.A.",1
1937,Captains Courageous,/wiki/Captains_Courageous_(1937_film),4
1943,Casablanca,/wiki/Casablanca_(film),8
1964,Casals Conducts: 1964,/wiki/Casals_Conducts:_1964,1
1965,Cat Ballou,/wiki/Cat_Ballou,5
1932  /  33,Cavalcade,/wiki/Cavalcade_(1933_film),4
1963,Chagall,/wiki/Chagall_(film),1
1949,Champion,/wiki/Champion_(1949_film),6
1997,Character,/wiki/Character_(film),1
1984,Charade,/wiki/Charade_(1984_film),1
1981,Chariots of Fire,/wiki/Chariots_of_Fire,7
1968,Charly,/wiki/Charly,1
2003,Chernobyl Heart,/wiki/Chernobyl_Heart,1
2002,Chicago,/wiki/Chicago_(2002_film),13
1986,Children of a Lesser God,/wiki/Children_of_a_Lesser_God_(film),5
1974,Chinatown,/wiki/Chinatown_(1974_film),11
1941,Churchill's Island,/wiki/Churchill%27s_Island,1
1930  /  31,Cimarron,/wiki/Cimarron_(1931_film),7
1989,Cinema Paradiso,/wiki/Cinema_Paradiso,1
1941,Citizen Kane,/wiki/Citizen_Kane,9
2014,Citizenfour,/wiki/Citizenfour,1
1991,City Slickers,/wiki/City_Slickers,1
1934,City of Wax,/wiki/City_of_Wax,1
1963,Cleopatra,/wiki/Cleopatra_(1963_film),9
1947,Climbing the Matterhorn,/wiki/Climbing_the_Matterhorn,1
1977,Close Encounters of the Third Kind,/wiki/Close_Encounters_of_the_Third_Kind,8
1981,Close Harmony,/wiki/Close_Harmony_(1981_film),1
1974,Closed Mondays,/wiki/Closed_Mondays,1
1967,Closely Watched Trains,/wiki/Closely_Watched_Trains,1
1980,Coal Miner's Daughter,/wiki/Coal_Miner%27s_Daughter_(film),7
2017,Coco,/wiki/Coco_(2017_film),2
1985,Cocoon,/wiki/Cocoon_(film),2
2003,Cold Mountain,/wiki/Cold_Mountain_(film),7
2020  /  21,Colette,/wiki/Colette_(2020_film),1
1952,"Come Back, Little Sheba","/wiki/Come_Back,_Little_Sheba_(1952_film)",3
1936,Come and Get It,/wiki/Come_and_Get_It_(1936_film),2
1978,Coming Home,/wiki/Coming_Home_(1978_film),8
1989,Common Threads: Stories from the Quilt,/wiki/Common_Threads:_Stories_from_the_Quilt,1
1967,Cool Hand Luke,/wiki/Cool_Hand_Luke,4
1928  /  29,Coquette,/wiki/Coquette_(film),1
1944,Cover Girl,/wiki/Cover_Girl_(film),5
1981,Crac,/wiki/Crac,1
2005,Crash,/wiki/Crash_(2004_film),6
1943,Crash Dive,/wiki/Crash_Dive,1
1956,Crashing the Water Barrier,/wiki/Crashing_the_Water_Barrier,1
2009,Crazy Heart,/wiki/Crazy_Heart,3
1990,Creature Comforts,/wiki/Creature_Comforts,1
1973,Cries and Whispers,/wiki/Cries_and_Whispers,5
2014,Crisis Hotline: Veterans Press 1,/wiki/Crisis_Hotline:_Veterans_Press_1,1
1970,Cromwell,/wiki/Cromwell_(film),2
2000,"Crouching Tiger, Hidden Dragon","/wiki/Crouching_Tiger,_Hidden_Dragon",10
2021,Cruella,/wiki/Cruella_(film),2
2012,Curfew,/wiki/Curfew_(2012_film),1
1990,Cyrano de Bergerac,/wiki/Cyrano_de_Bergerac_(1990_film),5
1969,Czechoslovakia 1968,/wiki/Czechoslovakia_1968,1
2013,Dallas Buyers Club,/wiki/Dallas_Buyers_Club,6
1990,Dances with Wolves,/wiki/Dances_with_Wolves,12
1935,Dangerous,/wiki/Dangerous_(1935_film),1
1988,Dangerous Liaisons,/wiki/Dangerous_Liaisons,7
1984,Dangerous Moves,/wiki/Dangerous_Moves,1
2017,Darkest Hour,/wiki/Darkest_Hour_(film),6
1965,Darling,/wiki/Darling_(1965_film),5
1973,Day for Night,/wiki/Day_for_Night_(film),4
1960,Day of the Painter,/wiki/Day_of_the_Painter,1
1949,Daybreak in Udi,/wiki/Daybreak_in_Udi,1
1978,Days of Heaven,/wiki/Days_of_Heaven,4
1990,Days of Waiting,/wiki/Days_of_Waiting:_The_Life_%26_Art_of_Estelle_Ishigo,1
1962,Days of Wine and Roses,/wiki/Days_of_Wine_and_Roses_(film),5
1995,Dead Man Walking,/wiki/Dead_Man_Walking_(film),4
1989,Dead Poets Society,/wiki/Dead_Poets_Society,4
1991,"Deadly Deception: General Electric, Nuclear Weapons and Our Environment","/wiki/Deadly_Deception:_General_Electric,_Nuclear_Weapons_and_Our_Environment",1
2017,Dear Basketball,/wiki/Dear_Basketball,1
1996,Dear Diary,/wiki/Dear_Diary_(1996_film),1
1992,Death Becomes Her,/wiki/Death_Becomes_Her,1
1978,Death on the Nile,/wiki/Death_on_the_Nile_(1978_film),1
1943,December 7th,/wiki/December_7th:_The_Movie,1
1938,Declaration of Independence,/wiki/Declaration_of_Independence_(film),1
1993,Defending Our Lives,/wiki/Defending_Our_Lives,1
2008,Departures,/wiki/Departures_(2008_film),1
1942,Der Fuehrer's Face,/wiki/Der_Fuehrer%27s_Face,1
1975,Dersu Uzala,/wiki/Dersu_Uzala_(1975_film),1
1943,Desert Victory,/wiki/Desert_Victory,1
1947,Design for Death,/wiki/Design_for_Death,1
1957,Designing Woman,/wiki/Designing_Woman,1
1950,Destination Moon,/wiki/Destination_Moon_(film),2
1990,Dick Tracy,/wiki/Dick_Tracy_(1990_film),7
1987,Dirty Dancing,/wiki/Dirty_Dancing,1
1929  /  30,Disraeli,/wiki/Disraeli_(1929_film),3
1962,Divorce Italian Style,/wiki/Divorce_Italian_Style,3
2012,Django Unchained,/wiki/Django_Unchained,5
1967,Doctor Dolittle,/wiki/Doctor_Dolittle_(1967_film),9
1965,Doctor Zhivago,/wiki/Doctor_Zhivago_(film),10
1936,Dodsworth,/wiki/Dodsworth_(film),7
1975,Dog Day Afternoon,/wiki/Dog_Day_Afternoon,6
1974,Don't,/wiki/Don%27t_(1974_film),1
1986,Down and Out in America,/wiki/Down_and_Out_in_America,1
1931  /  32,Dr. Jekyll and Mr. Hyde,/wiki/Dr._Jekyll_and_Mr._Hyde_(1931_film),3
2006,Dreamgirls,/wiki/Dreamgirls_(film),8
1989,Driving Miss Daisy,/wiki/Driving_Miss_Daisy,9
1941,Dumbo,/wiki/Dumbo,2
2021,Dune,/wiki/Dune_(2021_film),10
2017,Dunkirk,/wiki/Dunkirk_(2017_film),8
1962,Dylan Thomas,/wiki/Dylan_Thomas_(film),1
1982,E.T.: The Extra-Terrestrial,/wiki/E.T._the_Extra-Terrestrial,9
1974,Earthquake,/wiki/Earthquake_(1974_film),4
1955,East of Eden,/wiki/East_of_Eden_(film),4
1948,Easter Parade,/wiki/Easter_Parade_(film),1
1994,Ed Wood,/wiki/Ed_Wood_(film),2
1992,Educating Peter,/wiki/Educating_Peter,1
1998,Election Night,/wiki/Election_Night_(1998_film),1
1998,Elizabeth,/wiki/Elizabeth_(film),7
2007,Elizabeth: The Golden Age,/wiki/Elizabeth:_The_Golden_Age,2
1960,Elmer Gantry,/wiki/Elmer_Gantry_(film),5
1996,Emma,/wiki/Emma_(1996_theatrical_film),2
2021,Encanto,/wiki/Encanto,3
2000,Erin Brockovich,/wiki/Erin_Brockovich_(film),5
1934,Eskimo,/wiki/Eskimo_(1933_film),1
2004,Eternal Sunshine of the Spotless Mind,/wiki/Eternal_Sunshine_of_the_Spotless_Mind,2
1979,Every Child,/wiki/Every_Child_(film),1
2022,Everything Everywhere All at Once,/wiki/Everything_Everywhere_All_at_Once,11
1996,Evita,/wiki/Evita_(1996_film),5
2015,Ex Machina,/wiki/Ex_Machina_(film),2
1960,Exodus,/wiki/Exodus_(1960_film),3
1946,Facing Your Danger,/wiki/Facing_Your_Danger,1
1980,Fame,/wiki/Fame_(1980_film),6
1983,Fanny & Alexander,/wiki/Fanny_and_Alexander,6
1940,Fantasia,/wiki/Fantasia_(1940_film),0
2016,Fantastic Beasts and Where to Find Them,/wiki/Fantastic_Beasts_and_Where_to_Find_Them_(film),2
1966,Fantastic Voyage,/wiki/Fantastic_Voyage,5
1996,Fargo,/wiki/Fargo_(1996_film),7
1964,Father Goose,/wiki/Father_Goose_(film),3
2000,Father and Daughter,/wiki/Father_and_Daughter_(film),1
2014,Feast,/wiki/Feast_(2014_film),1
1963,Federico Fellini's 8½,/wiki/8%C2%BD,5
1976,Fellini's Casanova,/wiki/Fellini%27s_Casanova,2
2016,Fences,/wiki/Fences_(film),4
1938,Ferdinand the Bull,/wiki/Ferdinand_the_Bull_(film),1
1971,Fiddler on the Roof,/wiki/Fiddler_on_the_Roof_(film),8
2003,Finding Nemo,/wiki/Finding_Nemo,4
2004,Finding Neverland,/wiki/Finding_Neverland_(film),7
2018,First Man,/wiki/First_Man_(film),4
1947,First Steps,/wiki/First_Steps_(1947_film),1
1983,Flamenco at 5:15,/wiki/Flamenco_at_5:15,1
1983,Flashdance,/wiki/Flashdance,4
2017,Flesh and Sand,/wiki/Flesh_and_Sand,0
1931  /  32,Flowers and Trees,/wiki/Flowers_and_Trees,1
1935,Folies Bergere,/wiki/Folies_Berg%C3%A8re_de_Paris,1
1949,For Scent-imental Reasons,/wiki/For_Scent-imental_Reasons,1
1943,For Whom the Bell Tolls,/wiki/For_Whom_the_Bell_Tolls_(film),9
2001,For the Birds,/wiki/For_the_Birds_(film),1
1952,Forbidden Games,/wiki/Forbidden_Games,1
2019,Ford v Ferrari,/wiki/Ford_v_Ferrari,4
1994,Forrest Gump,/wiki/Forrest_Gump,13
1973,Frank Film,/wiki/Frank_Film,1
1994,Franz Kafka's It's a Wonderful Life,/wiki/Franz_Kafka%27s_It%27s_a_Wonderful_Life,1
2018,Free Solo,/wiki/Free_Solo,1
2007,Freeheld,/wiki/Freeheld_(2007_film),1
1945,Frenchman's Creek,/wiki/Frenchman%27s_Creek_(film),1
2002,Frida,/wiki/Frida_(film),6
1953,From Here to Eternity,/wiki/From_Here_to_Eternity,13
1980,From Mao to Mozart: Isaac Stern in China,/wiki/From_Mao_to_Mozart:_Isaac_Stern_in_China,1
2013,Frozen,/wiki/Frozen_(2013_film),2
1968,Funny Girl,/wiki/Funny_Girl_(film),8
1982,Gandhi,/wiki/Gandhi_(film),11
1944,Gaslight,/wiki/Gaslight_(1944_film),7
1954,Gate of Hell,/wiki/Gate_of_Hell_(film),1
1981,Genocide,/wiki/Genocide_(1981_film),1
1947,Gentleman's Agreement,/wiki/Gentleman%27s_Agreement,8
1950,Gerald McBoing-Boing,/wiki/Gerald_McBoing-Boing,1
1997,Geri's Game,/wiki/Geri%27s_Game,1
2017,Get Out,/wiki/Get_Out,4
1978,Get Out Your Handkerchiefs,/wiki/Get_Out_Your_Handkerchiefs,1
1990,Ghost,/wiki/Ghost_(1990_film),5
1956,Giant,/wiki/Giant_(1956_film),10
1958,Gigi,/wiki/Gigi_(1958_film),9
1999,"Girl, Interrupted","/wiki/Girl,_Interrupted_(film)",1
1960,Giuseppina,/wiki/Giuseppina,1
1936,Give Me Liberty,/wiki/Give_Me_Liberty_(1936_film),1
2000,Gladiator,/wiki/Gladiator_(2000_film),12
1959,Glass,/wiki/Glass_(1958_film),1
1989,Glory,/wiki/Glory_(1989_film),5
2010,God of Love,/wiki/God_of_Love_(film),1
1998,Gods and Monsters,/wiki/Gods_and_Monsters_(film),3
1944,Going My Way,/wiki/Going_My_Way,10
1935,Gold Diggers of 1935,/wiki/Gold_Diggers_of_1935,2
1964,Goldfinger,/wiki/Goldfinger_(film),1
1939,Gone with the Wind,/wiki/Gone_with_the_Wind_(film),13
1997,Good Will Hunting,/wiki/Good_Will_Hunting,9
1947,"Goodbye, Miss Turlock","/wiki/Goodbye,_Miss_Turlock",1
1939,"Goodbye, Mr. Chips","/wiki/Goodbye,_Mr._Chips_(1939_film)",7
1990,Goodfellas,/wiki/Goodfellas,6
2001,Gosford Park,/wiki/Gosford_Park,7
1958,Grand Canyon,/wiki/Grand_Canyon_(1958_film),1
1931  /  32,Grand Hotel,/wiki/Grand_Hotel_(1932_film),1
1966,Grand Prix,/wiki/Grand_Prix_(1966_film),3
1950,Grandad of Races,/wiki/Grandad_of_Races,1
2013,Gravity,/wiki/Gravity_(2013_film),10
1977,Gravity Is My Enemy,/wiki/Gravity_Is_My_Enemy,1
1975,Great,/wiki/Great_(1975_film),1
1947,Great Expectations,/wiki/Great_Expectations_(1946_film),5
2018,Green Book,/wiki/Green_Book_(film),5
1947,Green Dolphin Street,/wiki/Green_Dolphin_Street_(film),4
1967,Guess Who's Coming to Dinner,/wiki/Guess_Who%27s_Coming_to_Dinner,10
2022,Guillermo del Toro's Pinocchio,/wiki/Guillermo_del_Toro%27s_Pinocchio,1
2016,Hacksaw Ridge,/wiki/Hacksaw_Ridge,6
2019,Hair Love,/wiki/Hair_Love,1
1948,Hamlet,/wiki/Hamlet_(1948_film),7
1986,Hannah and Her Sisters,/wiki/Hannah_and_Her_Sisters,7
1962,Happy Anniversary,/wiki/Heureux_Anniversaire,1
2006,Happy Feet,/wiki/Happy_Feet,1
1976,"Harlan County, USA","/wiki/Harlan_County,_USA",1
1974,Harry and Tonto,/wiki/Harry_and_Tonto,2
1987,Harry and the Hendersons,/wiki/Harry_and_the_Hendersons,1
1950,Harvey,/wiki/Harvey_(1950_film),2
2003,Harvie Krumpet,/wiki/Harvie_Krumpet,1
1983,He Makes Me Feel Like Dancin',/wiki/He_Makes_Me_Feel_Like_Dancin%27,1
1974,Hearts and Minds,/wiki/Hearts_and_Minds_(film),1
1978,Heaven Can Wait,/wiki/Heaven_Can_Wait_(1978_film),9
2017,Heaven Is a Traffic Jam on the 405,/wiki/Heaven_Is_a_Traffic_Jam_on_the_405,1
1943,Heavenly Music,/wiki/Heavenly_Music,1
1955,Helen Keller in Her Story,/wiki/Helen_Keller_in_Her_Story,1
2013,Helium,/wiki/Helium_(film),1
1969,"Hello, Dolly!","/wiki/Hello,_Dolly!_(film)",7
1943,"Hello, Frisco, Hello","/wiki/Hello,_Frisco,_Hello",2
1989,Henry V,/wiki/Henry_V_(1989_film),4
2013,Her,/wiki/Her_(film),5
1941,Here Comes Mr. Jordan,/wiki/Here_Comes_Mr._Jordan,7
1951,Here Comes the Groom,/wiki/Here_Comes_the_Groom,2
1952,High Noon,/wiki/High_Noon,7
1945,Hitler Lives,/wiki/Hitler_Lives,1
1942,Holiday Inn,/wiki/Holiday_Inn_(film),3
1941,How Green Was My Valley,/wiki/How_Green_Was_My_Valley_(film),10
2000,How the Grinch Stole Christmas,/wiki/How_the_Grinch_Stole_Christmas_(2000_film),3
1963,How the West Was Won,/wiki/How_the_West_Was_Won_(film),8
1935,How to Sleep,/wiki/How_to_Sleep,1
1992,Howards End,/wiki/Howards_End_(film),9
1963,Hud,/wiki/Hud_(1963_film),7
2011,Hugo,/wiki/Hugo_(film),11
2005,Hustle & Flow,/wiki/Hustle_%26_Flow,2
1988,Hôtel Terminus: The Life and Times of Klaus Barbie,/wiki/H%C3%B4tel_Terminus:_The_Life_and_Times_of_Klaus_Barbie,1
1993,I Am a Promise: The Children of Stanton Elementary School,/wiki/I_Am_a_Promise:_The_Children_of_Stanton_Elementary_School,1
1958,I Want to Live!,/wiki/I_Want_to_Live!,6
1941,I Wanted Wings,/wiki/I_Wanted_Wings,1
1944,I Won't Play,/wiki/I_Won%27t_Play,1
1955,I'll Cry Tomorrow,/wiki/I%27ll_Cry_Tomorrow,4
1977,I'll Find a Way,/wiki/I%27ll_Find_a_Way,1
2017,"I, Tonya","/wiki/I,_Tonya",3
2017,Icarus,/wiki/Icarus_(2017_film),1
2014,Ida,/wiki/Ida_(film),2
2020  /  21,If Anything Happens I Love You,/wiki/If_Anything_Happens_I_Love_You,1
2018,If Beale Street Could Talk,/wiki/If_Beale_Street_Could_Talk_(film),3
1982,If You Love This Planet,/wiki/If_You_Love_This_Planet,1
1995,Il Postino: The Postman,/wiki/Il_Postino:_The_Postman,5
1950,In Beaver Valley,/wiki/In_Beaver_Valley,1
1928  /  29,In Old Arizona,/wiki/In_Old_Arizona,5
1937,In Old Chicago,/wiki/In_Old_Chicago,6
1942,In Which We Serve,/wiki/In_Which_We_Serve,2
2010,In a Better World,/wiki/In_a_Better_World,1
1967,In the Heat of the Night,/wiki/In_the_Heat_of_the_Night_(film),7
1976,In the Region of Ice,/wiki/In_the_Region_of_Ice,1
1991,In the Shadow of the Stars,/wiki/In_the_Shadow_of_the_Stars,1
2010,Inception,/wiki/Inception,8
1996,Independence Day,/wiki/Independence_Day_(1996_film),2
1989,Indiana Jones and the Last Crusade,/wiki/Indiana_Jones_and_the_Last_Crusade,3
1984,Indiana Jones and the Temple of Doom,/wiki/Indiana_Jones_and_the_Temple_of_Doom,2
1992,Indochine,/wiki/Indochine_(film),2
2009,Inglourious Basterds,/wiki/Inglourious_Basterds,8
1987,Innerspace,/wiki/Innerspace,1
2012,Inocente,/wiki/Inocente,1
2010,Inside Job,/wiki/Inside_Job_(2010_film),1
2015,Inside Out,/wiki/Inside_Out_(2015_film),2
1955,Interrupted Melody,/wiki/Interrupted_Melody,3
2014,Interstellar,/wiki/Interstellar_(film),5
1970,Interviews with My Lai Veterans,/wiki/Interviews_with_My_Lai_Veterans,1
2000,Into the Arms of Strangers: Stories of the Kindertransport,/wiki/Into_the_Arms_of_Strangers:_Stories_of_the_Kindertransport,1
1970,Investigation of a Citizen Above Suspicion,/wiki/Investigation_of_a_Citizen_Above_Suspicion,2
2001,Iris,/wiki/Iris_(2001_film),3
1963,Irma la Douce,/wiki/Irma_la_Douce,3
1970,Is It Always Right to Be Right?,/wiki/Is_It_Always_Right_to_Be_Right%3F,1
1934,It Happened One Night,/wiki/It_Happened_One_Night,5
1969,It's Tough to Be a Bird,/wiki/It%27s_Tough_to_Be_a_Bird,1
1963,"It's a Mad, Mad, Mad, Mad World","/wiki/It%27s_a_Mad,_Mad,_Mad,_Mad_World",6
1991,JFK,/wiki/JFK_(film),8
1975,Jaws,/wiki/Jaws_(film),4
1996,Jerry Maguire,/wiki/Jerry_Maguire,5
1938,Jezebel,/wiki/Jezebel_(1938_film),5
1948,Joan of Arc,/wiki/Joan_of_Arc_(1948_film),7
1952,Johann Mouse,/wiki/Johann_Mouse,1
1948,Johnny Belinda,/wiki/Johnny_Belinda_(1948_film),12
1942,Johnny Eager,/wiki/Johnny_Eager,1
2019,Jojo Rabbit,/wiki/Jojo_Rabbit,6
2019,Joker,/wiki/Joker_(2019_film),11
1968,Journey into Self,/wiki/Journey_into_Self_(1968_film),1
1990,Journey of Hope,/wiki/Journey_of_Hope_(film),1
2020  /  21,Judas and the Black Messiah,/wiki/Judas_and_the_Black_Messiah,6
1961,Judgment at Nuremberg,/wiki/Judgment_at_Nuremberg,11
2019,Judy,/wiki/Judy_(film),2
1977,Julia,/wiki/Julia_(1977_film),11
1953,Julius Caesar,/wiki/Julius_Caesar_(1953_film),5
2007,Juno,/wiki/Juno_(film),4
1993,Jurassic Park,/wiki/Jurassic_Park_(film),3
1982,Just Another Missing Kid,/wiki/Just_Another_Missing_Kid,1
1980,Karl Hess: Toward Liberty,/wiki/Karl_Hess:_Toward_Liberty,1
1938,Kentucky,/wiki/Kentucky_(film),1
1948,Key Largo,/wiki/Key_Largo_(film),1
1999,King Gimp,/wiki/King_Gimp,1
2005,King Kong,/wiki/King_Kong_(2005_film),4
1950,King Solomon's Mines,/wiki/King_Solomon%27s_Mines_(1950_film),3
1929  /  30,King of Jazz,/wiki/King_of_Jazz,1
1985,Kiss of the Spider Woman,/wiki/Kiss_of_the_Spider_Woman_(film),4
1940,Kitty Foyle,/wiki/Kitty_Foyle_(film),5
1971,Klute,/wiki/Klute,2
1958,Knighty Knight Bugs,/wiki/Knighty_Knight_Bugs,1
1942,Kokoda Front Line!,/wiki/Kokoda_Front_Line!,1
1996,Kolya,/wiki/Kolya,1
1950,Kon-Tiki,/wiki/Kon-Tiki_(1950_film),1
1932  /  33,Krakatoa,/wiki/Krakatoa_(film),1
1979,Kramer vs. Kramer,/wiki/Kramer_vs._Kramer,9
1941,Kukan,/wiki/Kukan,0
1997,L.A. Confidential,/wiki/L.A._Confidential_(film),9
1934,La Cucaracha,/wiki/La_Cucaracha_(1934_film),1
1961,La Dolce Vita,/wiki/La_Dolce_Vita,4
2016,La La Land,/wiki/La_La_Land_(film),14
2008,La Maison en Petits Cubes,/wiki/La_Maison_en_Petits_Cubes,1
1956,La Strada,/wiki/La_Strada,2
2007,La Vie en rose,/wiki/La_Vie_en_rose_(film),3
1941,Lady Be Good,/wiki/Lady_Be_Good_(1941_film),1
1944,Laura,/wiki/Laura_(1944_film),5
1962,Lawrence of Arabia,/wiki/Lawrence_of_Arabia_(film),10
2007,Le Mozart des pickpockets,/wiki/Le_Mozart_des_pickpockets,1
1945,Leave Her to Heaven,/wiki/Leave_Her_to_Heaven,4
1995,Leaving Las Vegas,/wiki/Leaving_Las_Vegas,4
1994,Legends of the Fall,/wiki/Legends_of_the_Fall,3
1976,Leisure,/wiki/Leisure_(film),1
2004,Lemony Snicket's A Series of Unfortunate Events,/wiki/Lemony_Snicket%27s_A_Series_of_Unfortunate_Events,4
1941,Lend a Paw,/wiki/Lend_a_Paw,1
1957,Les Girls,/wiki/Les_Girls,3
2012,Les Misérables,/wiki/Les_Mis%C3%A9rables_(2012_film),8
1970,Let It Be,/wiki/Let_It_Be_(1970_film),1
2006,Letters from Iwo Jima,/wiki/Letters_from_Iwo_Jima,4
1995,Lieberman in Love,/wiki/Lieberman_in_Love,1
1998,Life Is Beautiful,/wiki/Life_Is_Beautiful,7
2012,Life of Pi,/wiki/Life_of_Pi_(film),11
1952,Light in the Window,/wiki/Light_in_the_Window,1
1953,Lili,/wiki/Lili,6
1963,Lilies of the Field,/wiki/Lilies_of_the_Field_(1963_film),5
1972,Limelight,/wiki/Limelight_(1952_film),1
2012,Lincoln,/wiki/Lincoln_(film),12
2006,Little Miss Sunshine,/wiki/Little_Miss_Sunshine,4
2019,Little Women,/wiki/Little_Women_(2019_film),6
1976,Logan's Run,/wiki/Logan%27s_Run_(film),2
2009,Logorama,/wiki/Logorama,1
1937,Lost Horizon,/wiki/Lost_Horizon_(1937_film),7
2003,Lost in Translation,/wiki/Lost_in_Translation_(film),4
1955,Love Is a Many-Splendored Thing,/wiki/Love_Is_a_Many-Splendored_Thing_(film),8
1955,Love Me or Leave Me,/wiki/Love_Me_or_Leave_Me_(film),6
1970,Love Story,/wiki/Love_Story_(1970_film),7
1970,Lovers and Other Strangers,/wiki/Lovers_and_Other_Strangers,3
1956,Lust for Life,/wiki/Lust_for_Life_(1956_film),4
1970,M*A*S*H,/wiki/MASH_(film),5
2020  /  21,Ma Rainey's Black Bottom,/wiki/Ma_Rainey%27s_Black_Bottom_(film),5
2015,Mad Max: Fury Road,/wiki/Mad_Max:_Fury_Road,10
1977,Madame Rosa,/wiki/Madame_Rosa,1
1956,Magoo's Puddle Jumper,/wiki/Magoo%27s_Puddle_Jumper,1
1941,Main Street on the March!,/wiki/Main_Street_on_the_March!,1
2008,Man on Wire,/wiki/Man_on_Wire,1
2016,Manchester by the Sea,/wiki/Manchester_by_the_Sea_(film),6
1934,Manhattan Melodrama,/wiki/Manhattan_Melodrama,1
1991,Manipulation,/wiki/Manipulation_(film),1
2020  /  21,Mank,/wiki/Mank,10
2005,March of the Penguins,/wiki/March_of_the_Penguins,1
2006,Marie Antoinette,/wiki/Marie_Antoinette_(2006_film),1
1945,Marie-Louise,/wiki/Marie-Louise_(film),1
1972,Marjoe,/wiki/Marjoe,1
1969,Marooned,/wiki/Marooned_(1969_film),3
2019,Marriage Story,/wiki/Marriage_Story,6
1955,Marty,/wiki/Marty_(film),8
1964,Mary Poppins,/wiki/Mary_Poppins_(film),13
1985,Mask,/wiki/Mask_(1985_film),1
2003,Master and Commander: The Far Side of the World,/wiki/Master_and_Commander:_The_Far_Side_of_the_World,10
1994,Maya Lin: A Strong Clear Vision,/wiki/Maya_Lin:_A_Strong_Clear_Vision,1
1991,Mediterraneo,/wiki/Mediterraneo,1
1980,Melvin and Howard,/wiki/Melvin_and_Howard,3
2005,Memoirs of a Geisha,/wiki/Memoirs_of_a_Geisha_(film),6
1955,Men Against the Arctic,/wiki/Men_Against_the_Arctic,1
1997,Men in Black,/wiki/Men_in_Black_(1997_film),3
1981,Mephisto,/wiki/Mephisto_(1981_film),1
2007,Michael Clayton,/wiki/Michael_Clayton_(film),7
1969,Midnight Cowboy,/wiki/Midnight_Cowboy,7
1978,Midnight Express,/wiki/Midnight_Express_(film),6
2011,Midnight in Paris,/wiki/Midnight_in_Paris,4
1995,Mighty Aphrodite,/wiki/Mighty_Aphrodite,2
1949,Mighty Joe Young,/wiki/Mighty_Joe_Young_(1949_film),1
2004,Mighty Times: The Children's March,/wiki/Mighty_Times:_The_Children%27s_March,1
1945,Mildred Pierce,/wiki/Mildred_Pierce_(film),6
2008,Milk,/wiki/Milk_(2008_American_film),8
2004,Million Dollar Baby,/wiki/Million_Dollar_Baby,7
1930  /  31,Min and Bill,/wiki/Min_and_Bill,1
2020  /  21,Minari,/wiki/Minari_(film),6
1947,Miracle on 34th Street,/wiki/Miracle_on_34th_Street,4
1990,Misery,/wiki/Misery_(film),1
1982,Missing,/wiki/Missing_(1982_film),4
1988,Mississippi Burning,/wiki/Mississippi_Burning,7
1955,Mister Roberts,/wiki/Mister_Roberts_(1955_film),3
1985,Molly's Pilgrim,/wiki/Molly%27s_Pilgrim,1
1992,Mona Lisa Descending a Staircase,/wiki/Mona_Lisa_Descending_a_Staircase,1
1948,Monsieur Vincent,/wiki/Monsieur_Vincent,0
2003,Monster,/wiki/Monster_(2003_film),1
2001,Monster's Ball,/wiki/Monster%27s_Ball,2
2001,"Monsters, Inc.","/wiki/Monsters,_Inc.",4
1959,Moonbird,/wiki/Moonbird,1
2016,Moonlight,/wiki/Moonlight_(2016_film),8
1987,Moonstruck,/wiki/Moonstruck,6
1932  /  33,Morning Glory,/wiki/Morning_Glory_(1933_film),1
1980,Moscow Does Not Believe in Tears,/wiki/Moscow_Does_Not_Believe_in_Tears,1
1942,Moscow Strikes Back,/wiki/Moscow_Strikes_Back,1
1947,Mother Wore Tights,/wiki/Mother_Wore_Tights,3
1952,Moulin Rouge,/wiki/Moulin_Rouge_(1952_film),7
2001,Moulin Rouge!,/wiki/Moulin_Rouge!,8
1944,Mouse Trouble,/wiki/Mouse_Trouble,1
2013,Mr Hublot,/wiki/Mr_Hublot,1
1936,Mr. Deeds Goes to Town,/wiki/Mr._Deeds_Goes_to_Town,5
1939,Mr. Smith Goes to Washington,/wiki/Mr._Smith_Goes_to_Washington,11
1993,Mrs. Doubtfire,/wiki/Mrs._Doubtfire,1
1942,Mrs. Miniver,/wiki/Mrs._Miniver,12
1960,Munro,/wiki/Munro_(film),1
2001,Murder on a Sunday Morning,/wiki/Murder_on_a_Sunday_Morning,1
1974,Murder on the Orient Express,/wiki/Murder_on_the_Orient_Express_(1974_film),6
2009,Music by Prudence,/wiki/Music_by_Prudence,1
1935,Mutiny on the Bounty,/wiki/Mutiny_on_the_Bounty_(1935_film),8
1992,My Cousin Vinny,/wiki/My_Cousin_Vinny,1
1964,My Fair Lady,/wiki/My_Fair_Lady_(film),12
1942,My Gal Sal,/wiki/My_Gal_Sal,2
1989,My Left Foot,/wiki/My_Left_Foot,5
1999,My Mother Dreams the Satan's Disciples in New York,/wiki/My_Mother_Dreams_the_Satan%27s_Disciples_in_New_York,1
2020  /  21,My Octopus Teacher,/wiki/My_Octopus_Teacher,1
1958,My Uncle,/wiki/Mon_Oncle,1
2003,Mystic River,/wiki/Mystic_River_(film),6
1975,Nashville,/wiki/Nashville_(film),5
1945,National Velvet,/wiki/National_Velvet_(film),5
1951,Nature's Half Acre,/wiki/Nature%27s_Half_Acre,1
1935,Naughty Marietta,/wiki/Naughty_Marietta_(film),2
1952,Neighbours,/wiki/Neighbours_(1952_film),2
1949,Neptune's Daughter,/wiki/Neptune%27s_Daughter_(1949_film),1
1976,Network,/wiki/Network_(1976_film),10
1960,Never on Sunday,/wiki/Never_on_Sunday,5
1971,Nicholas and Alexandra,/wiki/Nicholas_and_Alexandra,6
1957,Nights of Cabiria,/wiki/Nights_of_Cabiria,1
1964,Nine from Little Rock,/wiki/Nine_from_Little_Rock,1
2007,No Country for Old Men,/wiki/No_Country_for_Old_Men_(film),8
2001,No Man's Land,/wiki/No_Man%27s_Land_(2001_film),1
2021,No Time to Die,/wiki/No_Time_to_Die,3
2020  /  21,Nomadland,/wiki/Nomadland_(film),6
1944,None But the Lonely Heart,/wiki/None_but_the_Lonely_Heart_(film),4
1979,Norma Rae,/wiki/Norma_Rae,4
1972,Norman Rockwell's World... An American Dream,/wiki/Norman_Rockwell%27s_World..._An_American_Dream,1
1940,North West Mounted Police,/wiki/North_West_Mounted_Police_(film),5
1942,"Now, Voyager","/wiki/Now,_Voyager",3
2002,Nowhere in Africa,/wiki/Nowhere_in_Africa,1
1976,Number Our Days,/wiki/Number_Our_Days,1
2016,O.J.: Made in America,/wiki/O.J.:_Made_in_America,1
1941,Of Pups and Puzzles,/wiki/Of_Pups_and_Puzzles,1
1955,Oklahoma!,/wiki/Oklahoma!_(1955_film),4
1968,Oliver!,/wiki/Oliver!_(film),11
1992,Omnibus,/wiki/Omnibus_(film),1
1981,On Golden Pond,/wiki/On_Golden_Pond_(1981_film),10
1949,On the Town,/wiki/On_the_Town_(film),1
1954,On the Waterfront,/wiki/On_the_Waterfront,12
2007,Once,/wiki/Once_(film),1
2019,Once Upon a Time in Hollywood,/wiki/Once_Upon_a_Time_in_Hollywood,10
1999,One Day in September,/wiki/One_Day_in_September,1
1975,One Flew Over the Cuckoo's Nest,/wiki/One_Flew_Over_the_Cuckoo%27s_Nest_(film),9
1937,One Hundred Men and a Girl,/wiki/One_Hundred_Men_and_a_Girl,5
1934,One Night of Love,/wiki/One_Night_of_Love,6
1995,One Survivor Remembers,/wiki/One_Survivor_Remembers,1
1932  /  33,One Way Passage,/wiki/One_Way_Passage,1
1974,One-Eyed Men Are Kings,/wiki/One-Eyed_Men_Are_Kings,1
1980,Ordinary People,/wiki/Ordinary_People,6
1985,Out of Africa,/wiki/Out_of_Africa_(film),11
1953,Overture to The Merry Wives of Windsor,/wiki/Overture_to_The_Merry_Wives_of_Windsor,1
2006,Pan's Labyrinth,/wiki/Pan%27s_Labyrinth,6
1950,Panic in the Streets,/wiki/Panic_in_the_Streets_(film),1
1963,Papa's Delicate Condition,/wiki/Papa%27s_Delicate_Condition,1
1973,Paper Moon,/wiki/Paper_Moon_(film),4
2012,Paperman,/wiki/Paperman,1
2019,Parasite,/wiki/Parasite_(2019_film),6
1970,Patton,/wiki/Patton_(film),10
1979,Paul Robeson: Tribute to an Artist,/wiki/Paul_Robeson:_Tribute_to_an_Artist,1
2001,Pearl Harbor,/wiki/Pearl_Harbor_(film),4
1988,Pelle the Conqueror,/wiki/Pelle_the_Conqueror,2
1937,Penny Wisdom,/wiki/Penny_Wisdom,1
2018,Period. End of Sentence.,/wiki/Period._End_of_Sentence.,1
2007,Peter & the Wolf,/wiki/Peter_%26_the_Wolf_(2006_film),1
2017,Phantom Thread,/wiki/Phantom_Thread,6
1943,Phantom of the Opera,/wiki/Phantom_of_the_Opera_(1943_film),4
1993,Philadelphia,/wiki/Philadelphia_(film),5
1955,Picnic,/wiki/Picnic_(1955_film),6
1959,Pillow Talk,/wiki/Pillow_Talk_(film),5
1940,Pinocchio,/wiki/Pinocchio_(1940_film),2
2016,Piper,/wiki/Piper_(film),1
2006,Pirates of the Caribbean: Dead Man's Chest,/wiki/Pirates_of_the_Caribbean:_Dead_Man%27s_Chest,4
1984,Places in the Heart,/wiki/Places_in_the_Heart,7
1968,Planet of the Apes,/wiki/Planet_of_the_Apes_(1968_film),2
1986,Platoon,/wiki/Platoon_(film),8
1952,Plymouth Adventure,/wiki/Plymouth_Adventure,1
1995,Pocahontas,/wiki/Pocahontas_(1995_film),2
2000,Pollock,/wiki/Pollock_(film),2
1960,Pollyanna,/wiki/Pollyanna_(1960_film),0
1959,Porgy and Bess,/wiki/Porgy_and_Bess_(film),4
1948,Portrait of Jennie,/wiki/Portrait_of_Jennie,2
2009,Precious,/wiki/Precious_(film),6
1986,Precious Images,/wiki/Precious_Images,1
1942,Prelude to War,/wiki/Prelude_to_War,1
1940,Pride and Prejudice,/wiki/Pride_and_Prejudice_(1940_film),1
1943,Princess O'Rourke,/wiki/Princess_O%27Rourke,1
1973,Princeton: A Search for Answers,/wiki/Princeton:_A_Search_for_Answers,1
1985,Prizzi's Honor,/wiki/Prizzi%27s_Honor,8
1961,Project Hope,/wiki/Project_Hope_(film),1
2020  /  21,Promising Young Woman,/wiki/Promising_Young_Woman,5
1994,Pulp Fiction,/wiki/Pulp_Fiction,7
1984,Purple Rain,/wiki/Purple_Rain_(film),1
1938,Pygmalion,/wiki/Pygmalion_(1938_film),4
1996,Quest,/wiki/Quest_(1996_film),1
1982,Quest for Fire,/wiki/Quest_for_Fire_(film),1
1940,Quicker'n a Wink,/wiki/Quicker%27n_a_Wink,1
1945,Quiet Please!,/wiki/Quiet_Please!,1
1980,Raging Bull,/wiki/Raging_Bull,8
1981,Raiders of the Lost Ark,/wiki/Raiders_of_the_Lost_Ark,8
1988,Rain Man,/wiki/Rain_Man,8
1985,Ran,/wiki/Ran_(film),4
2011,Rango,/wiki/Rango_(2011_film),1
1951,Rashomon,/wiki/Rashomon,1
2007,Ratatouille,/wiki/Ratatouille_(film),5
2004,Ray,/wiki/Ray_(film),6
1987,Ray's Male Heterosexual Dance Hall,/wiki/Ray%27s_Male_Heterosexual_Dance_Hall,1
1942,Reap the Wild Wind,/wiki/Reap_the_Wild_Wind,3
1940,Rebecca,/wiki/Rebecca_(1940_film),11
1981,Reds,/wiki/Reds_(film),12
1995,Restoration,/wiki/Restoration_(1995_film),2
1983,Return of the Jedi,/wiki/Return_of_the_Jedi,4
1990,Reversal of Fortune,/wiki/Reversal_of_Fortune,3
2002,Road to Perdition,/wiki/Road_to_Perdition,6
1963,Robert Frost: A Lover's Quarrel with the World,/wiki/Robert_Frost:_A_Lover%27s_Quarrel_with_the_World,1
1968,Robert Kennedy Remembered,/wiki/Robert_Kennedy_Remembered,1
1987,RoboCop,/wiki/RoboCop,2
2019,Rocketman,/wiki/Rocketman_(film),1
1976,Rocky,/wiki/Rocky,10
2018,Roma,/wiki/Roma_(2018_film),10
1953,Roman Holiday,/wiki/Roman_Holiday,10
1968,Romeo and Juliet,/wiki/Romeo_and_Juliet_(1968_film),4
2015,Room,/wiki/Room_(2015_film),4
1959,Room at the Top,/wiki/Room_at_the_Top_(1959_film),6
1968,Rosemary's Baby,/wiki/Rosemary%27s_Baby_(film),2
1986,Round Midnight,/wiki/Round_Midnight_(film),2
2004,Ryan,/wiki/Ryan_(film),1
1970,Ryan's Daughter,/wiki/Ryan%27s_Daughter,4
1954,Sabrina,/wiki/Sabrina_(1954_film),6
1950,Samson and Delilah,/wiki/Samson_and_Delilah_(1949_film),5
1955,Samurai I: Musashi Miyamoto,/wiki/Samurai_I:_Musashi_Miyamoto,0
1936,San Francisco,/wiki/San_Francisco_(1936_film),6
1973,Save the Tiger,/wiki/Save_the_Tiger,3
2011,Saving Face,/wiki/Saving_Face_(2012_film),1
1998,Saving Private Ryan,/wiki/Saving_Private_Ryan,11
1957,Sayonara,/wiki/Sayonara,10
1978,Scared Straight!,/wiki/Scared_Straight!,1
1992,Scent of a Woman,/wiki/Scent_of_a_Woman_(1992_film),4
1993,Schindler's List,/wiki/Schindler%27s_List,12
1948,Seal Island,/wiki/Seal_Island_(film),1
2012,Searching for Sugar Man,/wiki/Searching_for_Sugar_Man,1
1961,Seawards the Great Ships,/wiki/Seawards_the_Great_Ships,1
1946,Seeds of Destiny,/wiki/Seeds_of_Destiny,1
2014,Selma,/wiki/Selma_(film),2
1995,Sense and Sensibility,/wiki/Sense_and_Sensibility_(film),7
1971,Sentinels of Silence,/wiki/Sentinels_of_Silence,2
1958,Separate Tables,/wiki/Separate_Tables_(film),7
1959,Serengeti Shall Not Die,/wiki/Serengeti_Shall_Not_Die,1
1941,Sergeant York,/wiki/Sergeant_York_(film),11
1991,Session Man,/wiki/Session_Man_(film),1
1954,Seven Brides for Seven Brothers,/wiki/Seven_Brides_for_Seven_Brothers,5
1951,Seven Days to Noon,/wiki/Seven_Days_to_Noon,1
1971,Shaft,/wiki/Shaft_(1971_film),2
1998,Shakespeare in Love,/wiki/Shakespeare_in_Love,13
1975,Shampoo,/wiki/Shampoo_(film),4
1953,Shane,/wiki/Shane_(film),6
1931  /  32,Shanghai Express,/wiki/Shanghai_Express_(film),3
1949,She Wore a Yellow Ribbon,/wiki/She_Wore_a_Yellow_Ribbon,1
1996,Shine,/wiki/Shine_(film),7
1965,Ship of Fools,/wiki/Ship_of_Fools_(film),8
1947,Shoeshine,/wiki/Shoeshine_(film),1
2001,Shrek,/wiki/Shrek,2
2004,Sideways,/wiki/Sideways,5
2012,Silver Linings Playbook,/wiki/Silver_Linings_Playbook,8
1944,Since You Went Away,/wiki/Since_You_Went_Away,9
2016,Sing,/wiki/Sing_(2016_Hungarian_film),1
2005,Six Shooter,/wiki/Six_Shooter_(film),1
2018,Skin,/wiki/Skin_(2018_short_film),1
1930  /  31,Skippy,/wiki/Skippy_(film),4
1961,Sky Above and Mud Beneath,/wiki/Sky_Above_and_Mud_Beneath,1
2012,Skyfall,/wiki/Skyfall,5
1999,Sleepy Hollow,/wiki/Sleepy_Hollow_(film),3
1996,Sling Blade,/wiki/Sling_Blade_(film),2
2008,Slumdog Millionaire,/wiki/Slumdog_Millionaire,10
2008,Smile Pinki,/wiki/Smile_Pinki,1
1937,Snow White and the Seven Dwarfs,/wiki/Snow_White_and_the_Seven_Dwarfs_(1937_film),1
1949,So Much for So Little,/wiki/So_Much_for_So_Little,1
1932  /  33,So This Is Harris!,/wiki/So_This_Is_Harris!,1
1959,Some Like It Hot,/wiki/Some_Like_It_Hot,6
1956,Somebody Up There Likes Me,/wiki/Somebody_Up_There_Likes_Me_(1956_film),3
2015,Son of Saul,/wiki/Son_of_Saul,1
1960,Song Without End,/wiki/Song_Without_End,1
1947,Song of the South,/wiki/Song_of_the_South,2
1960,Sons and Lovers,/wiki/Sons_and_Lovers_(film),7
1939,Sons of Liberty,/wiki/Sons_of_Liberty_(film),1
1982,Sophie's Choice,/wiki/Sophie%27s_Choice_(film),5
2020  /  21,Soul,/wiki/Soul_(2020_film),3
2020  /  21,Sound of Metal,/wiki/Sound_of_Metal,6
1958,South Pacific,/wiki/South_Pacific_(1958_film),3
1960,Spartacus,/wiki/Spartacus_(film),6
1938,Spawn of the North,/wiki/Spawn_of_the_North,0
1942,Speaking of Animals and Their Families,/wiki/Speaking_of_Animals_and_Their_Families,1
1978,Special Delivery,/wiki/Special_Delivery_(1978_film),1
2015,Spectre,/wiki/Spectre_(2015_film),1
1994,Speed,/wiki/Speed_(1994_film),3
1955,Speedy Gonzales,/wiki/Speedy_Gonzales_(film),1
1945,Spellbound,/wiki/Spellbound_(1945_film),6
2004,Spider-Man 2,/wiki/Spider-Man_2,3
2018,Spider-Man: Into the Spider-Verse,/wiki/Spider-Man:_Into_the_Spider-Verse,1
2002,Spirited Away,/wiki/Spirited_Away,1
1961,Splendor in the Grass,/wiki/Splendor_in_the_Grass,2
2015,Spotlight,/wiki/Spotlight_(film),6
1939,Stagecoach,/wiki/Stagecoach_(1939_film),7
1945,Stairway to Light,/wiki/Stairway_to_Light,1
1953,Stalag 17,/wiki/Stalag_17,3
2009,Star Trek,/wiki/Star_Trek_(film),4
1977,Star Wars,/wiki/Star_Wars_(film),10
1945,Star in the Night,/wiki/Star_in_the_Night,1
1945,State Fair,/wiki/State_Fair_(1945_film),2
2014,Still Alice,/wiki/Still_Alice,1
2010,Strangers No More,/wiki/Strangers_No_More,1
1927  /  28,Street Angel,/wiki/Street_Angel_(1928_film),3
1940,Strike Up the Band,/wiki/Strike_Up_the_Band_(film),3
2015,Stutterer,/wiki/Stutterer_(film),1
2016,Suicide Squad,/wiki/Suicide_Squad_(2016_film),1
1971,Summer of '42,/wiki/Summer_of_%2742,4
2021,Summer of Soul,/wiki/Summer_of_Soul,1
1983,Sundae in New York,/wiki/Sundae_in_New_York,1
1962,Sundays and Cybele,/wiki/Sundays_and_Cybele,3
1927  /  28,Sunrise,/wiki/Sunrise:_A_Song_of_Two_Humans,4
1950,Sunset Boulevard,/wiki/Sunset_Boulevard_(film),11
1978,Superman,/wiki/Superman_(1978_film),3
1955,Survival City,/wiki/Survival_City,1
1941,Suspicion,/wiki/Suspicion_(1941_film),3
2007,Sweeney Todd: The Demon Barber of Fleet Street,/wiki/Sweeney_Todd:_The_Demon_Barber_of_Fleet_Street_(2007_film),3
1962,Sweet Bird of Youth,/wiki/Sweet_Bird_of_Youth_(1962_film),3
1938,Sweethearts,/wiki/Sweethearts_(1938_film),2
1936,Swing Time,/wiki/Swing_Time_(film),2
1948,Symphony of a City,/wiki/Symphony_of_a_City,1
2005,Syriana,/wiki/Syriana,2
1930  /  31,Tabu,/wiki/Tabu:_A_Story_of_the_South_Seas,1
2002,Talk to Her,/wiki/Talk_to_Her,2
1982,Tango,/wiki/Tango_(1981_film),1
1941,Target for Tonight,/wiki/Target_for_Tonight,0
1999,Tarzan,/wiki/Tarzan_(1999_film),1
2007,Taxi to the Dark Side,/wiki/Taxi_to_the_Dark_Side,1
1940,"Teddy, the Rough Rider","/wiki/Teddy,_the_Rough_Rider",1
1978,Teenage Father,/wiki/Teenage_Father,1
1927  /  28,Tempest,/wiki/Tempest_(1928_film),1
1983,Tender Mercies,/wiki/Tender_Mercies,5
2020  /  21,Tenet,/wiki/Tenet_(film),2
1991,Terminator 2: Judgment Day,/wiki/Terminator_2:_Judgment_Day,6
1983,Terms of Endearment,/wiki/Terms_of_Endearment,11
1980,Tess,/wiki/Tess_(1979_film),6
1978,Thank God It's Friday,/wiki/Thank_God_It%27s_Friday_(film),1
1941,That Hamilton Woman,/wiki/That_Hamilton_Woman,4
1938,That Mothers Might Live,/wiki/That_Mothers_Might_Live,1
1989,The Abyss,/wiki/The_Abyss,4
1988,The Accidental Tourist,/wiki/The_Accidental_Tourist_(film),4
2001,The Accountant,/wiki/The_Accountant_(2001_film),1
1988,The Accused,/wiki/The_Accused_(1988_film),1
1994,"The Adventures of Priscilla, Queen of the Desert","/wiki/The_Adventures_of_Priscilla,_Queen_of_the_Desert",1
1938,The Adventures of Robin Hood,/wiki/The_Adventures_of_Robin_Hood,4
1951,The African Queen,/wiki/The_African_Queen_(film),4
1993,The Age of Innocence,/wiki/The_Age_of_Innocence_(1993_film),5
1960,The Alamo,/wiki/The_Alamo_(1960_film),7
1953,The Alaskan Eskimo,/wiki/The_Alaskan_Eskimo,1
1967,The Anderson Platoon,/wiki/The_Anderson_Platoon,1
1960,The Apartment,/wiki/The_Apartment,10
1988,The Appointments of Dennis Jennings,/wiki/The_Appointments_of_Dennis_Jennings,1
2011,The Artist,/wiki/The_Artist_(film),10
1986,The Assault,/wiki/The_Assault_(1986_film),1
2004,The Aviator,/wiki/The_Aviator_(2004_film),11
1937,The Awful Truth,/wiki/The_Awful_Truth,6
1947,The Bachelor and the Bobby-Soxer,/wiki/The_Bachelor_and_the_Bobby-Soxer,1
1952,The Bad and the Beautiful,/wiki/The_Bad_and_the_Beautiful,6
2003,The Barbarian Invasions,/wiki/The_Barbarian_Invasions,2
1954,The Barefoot Contessa,/wiki/The_Barefoot_Contessa,2
1942,The Battle of Midway,/wiki/The_Battle_of_Midway_(film),1
1945,The Bells of St. Mary's,/wiki/The_Bells_of_St._Mary%27s,8
1956,The Bespoke Overcoat,/wiki/The_Bespoke_Overcoat,1
1946,The Best Years of Our Lives,/wiki/The_Best_Years_of_Our_Lives,8
1938,The Big Broadcast of 1938,/wiki/The_Big_Broadcast_of_1938,1
1958,The Big Country,/wiki/The_Big_Country,2
1929  /  30,The Big House,/wiki/The_Big_House_(1930_film),4
2015,The Big Short,/wiki/The_Big_Short_(film),5
1947,The Bishop's Wife,/wiki/The_Bishop%27s_Wife,5
1979,The Black Stallion,/wiki/The_Black_Stallion_(film),2
1942,The Black Swan,/wiki/The_Black_Swan_(film),3
2009,The Blind Side,/wiki/The_Blind_Side_(film),2
2006,The Blood of Yingzhou District,/wiki/The_Blood_of_Yingzhou_District,1
1973,The Bolero,/wiki/The_Bolero,1
2007,The Bourne Ultimatum,/wiki/The_Bourne_Ultimatum_(film),3
1967,The Box,/wiki/The_Box_(1967_film),1
1956,The Brave One,/wiki/The_Brave_One_(1956_film),3
1928  /  29,The Bridge of San Luis Rey,/wiki/The_Bridge_of_San_Luis_Rey_(1929_film),1
1957,The Bridge on the River Kwai,/wiki/The_Bridge_on_the_River_Kwai,8
1955,The Bridges at Toko-Ri,/wiki/The_Bridges_at_Toko-Ri,2
1928  /  29,The Broadway Melody,/wiki/The_Broadway_Melody,3
1978,The Buddy Holly Story,/wiki/The_Buddy_Holly_Story,3
1972,The Candidate,/wiki/The_Candidate_(1972_film),2
1946,The Cat Concerto,/wiki/The_Cat_Concerto,1
1931  /  32,The Champ,/wiki/The_Champ_(1931_film),4
1936,The Charge of the Light Brigade,/wiki/The_Charge_of_the_Light_Brigade_(1936_film),3
1965,The Chicken,/wiki/The_Chicken_(film),1
2005,"The Chronicles of Narnia: The Lion, the Witch and the Wardrobe","/wiki/The_Chronicles_of_Narnia:_The_Lion,_the_Witch_and_the_Wardrobe",3
2002,The ChubbChubbs!,/wiki/The_ChubbChubbs!,1
1999,The Cider House Rules,/wiki/The_Cider_House_Rules_(film),7
1927  /  28,The Circus,/wiki/The_Circus_(1928_film),0
1986,The Color of Money,/wiki/The_Color_of_Money,4
2005,The Constant Gardener,/wiki/The_Constant_Gardener_(film),4
2007,The Counterfeiters,/wiki/The_Counterfeiters_(2007_film),1
1936,The Country Cousin,/wiki/The_Country_Cousin,1
1954,The Country Girl,/wiki/The_Country_Girl_(1954_film),7
2009,The Cove,/wiki/The_Cove_(film),1
1938,The Cowboy and the Lady,/wiki/The_Cowboy_and_the_Lady_(1938_film),3
1963,The Critic,/wiki/The_Critic_(1963_film),1
1971,The Crunch Bird,/wiki/The_Crunch_Bird,1
1992,The Crying Game,/wiki/The_Crying_Game,6
2008,The Curious Case of Benjamin Button,/wiki/The_Curious_Case_of_Benjamin_Button_(film),13
2015,The Danish Girl,/wiki/The_Danish_Girl_(film),4
2006,The Danish Poet,/wiki/The_Danish_Poet,1
1935,The Dark Angel,/wiki/The_Dark_Angel_(1935_film),3
2008,The Dark Knight,/wiki/The_Dark_Knight_(film),8
1930  /  31,The Dawn Patrol,/wiki/The_Dawn_Patrol_(1930_film),1
1978,The Deer Hunter,/wiki/The_Deer_Hunter,9
1958,The Defiant Ones,/wiki/The_Defiant_Ones,9
2006,The Departed,/wiki/The_Departed,5
2011,The Descendants,/wiki/The_Descendants,5
1959,The Diary of Anne Frank,/wiki/The_Diary_of_Anne_Frank_(1959_film),8
1967,The Dirty Dozen,/wiki/The_Dirty_Dozen,4
1972,The Discreet Charm of the Bourgeoisie,/wiki/The_Discreet_Charm_of_the_Bourgeoisie,2
1928  /  29,The Divine Lady,/wiki/The_Divine_Lady,3
1929  /  30,The Divorcee,/wiki/The_Divorcee,4
1980,The Dollar Bottom,/wiki/The_Dollar_Bottom,1
1965,The Dot and the Line,/wiki/The_Dot_and_the_Line,1
1927  /  28,The Dove,/wiki/The_Dove_(1927_film),1
2008,The Duchess,/wiki/The_Duchess_(film),2
1965,The Eleanor Roosevelt Story,/wiki/The_Eleanor_Roosevelt_Story,1
2022,The Elephant Whisperers,/wiki/The_Elephant_Whisperers,1
1980,The Empire Strikes Back,/wiki/The_Empire_Strikes_Back,3
1975,The End of the Game,/wiki/The_End_of_the_Game_(1975_film),1
1957,The Enemy Below,/wiki/The_Enemy_Below,1
1996,The English Patient,/wiki/The_English_Patient_(film),12
1973,The Exorcist,/wiki/The_Exorcist_(film),10
1955,The Face of Lincoln,/wiki/The_Face_of_Lincoln,2
1960,The Facts of Life,/wiki/The_Facts_of_Life_(film),5
2011,The Fantastic Flying Books of Mr. Morris Lessmore,/wiki/The_Fantastic_Flying_Books_of_Mr._Morris_Lessmore,1
1947,The Farmer's Daughter,/wiki/The_Farmer%27s_Daughter_(1947_film),2
2020  /  21,The Father,/wiki/The_Father_(2020_film),6
2018,The Favourite,/wiki/The_Favourite,10
2010,The Fighter,/wiki/The_Fighter,7
1944,The Fighting Lady,/wiki/The_Fighting_Lady,1
1991,The Fisher King,/wiki/The_Fisher_King,5
1978,The Flight of the Gossamer Condor,/wiki/The_Flight_of_the_Gossamer_Condor,1
1986,The Fly,/wiki/The_Fly_(1986_film),1
2003,The Fog of War,/wiki/The_Fog_of_War,1
1966,The Fortune Cookie,/wiki/The_Fortune_Cookie,4
1971,The French Connection,/wiki/The_French_Connection_(film),8
1993,The Fugitive,/wiki/The_Fugitive_(1993_film),7
1997,The Full Monty,/wiki/The_Full_Monty,4
1936,The Garden of Allah,/wiki/The_Garden_of_Allah_(1936_film),2
1971,The Garden of the Finzi-Continis,/wiki/The_Garden_of_the_Finzi-Continis_(film),2
1934,The Gay Divorcee,/wiki/The_Gay_Divorcee,5
1996,The Ghost and the Darkness,/wiki/The_Ghost_and_the_Darkness,1
2011,The Girl with the Dragon Tattoo,/wiki/The_Girl_with_the_Dragon_Tattoo_(2011_film),5
1954,The Glenn Miller Story,/wiki/The_Glenn_Miller_Story,3
1972,The Godfather,/wiki/The_Godfather,10
1974,The Godfather: Part II,/wiki/The_Godfather:_Part_II,11
2007,The Golden Compass,/wiki/The_Golden_Compass_(film),2
1959,The Golden Fish,/wiki/The_Golden_Fish_(film),1
1937,The Good Earth,/wiki/The_Good_Earth_(film),5
1977,The Goodbye Girl,/wiki/The_Goodbye_Girl,5
1967,The Graduate,/wiki/The_Graduate,7
2014,The Grand Budapest Hotel,/wiki/The_Grand_Budapest_Hotel,9
1940,The Grapes of Wrath,/wiki/The_Grapes_of_Wrath_(film),7
1973,The Great American Cowboy,/wiki/The_Great_American_Cowboy,1
2013,The Great Beauty,/wiki/The_Great_Beauty,1
1951,The Great Caruso,/wiki/The_Great_Caruso,3
2013,The Great Gatsby,/wiki/The_Great_Gatsby_(2013_film),2
1941,The Great Lie,/wiki/The_Great_Lie,1
1940,The Great McGinty,/wiki/The_Great_McGinty,1
1965,The Great Race,/wiki/The_Great_Race,5
1938,The Great Waltz,/wiki/The_Great_Waltz_(1938_film),3
1936,The Great Ziegfeld,/wiki/The_Great_Ziegfeld,7
1952,The Greatest Show on Earth,/wiki/The_Greatest_Show_on_Earth_(film),5
1961,The Guns of Navarone,/wiki/The_Guns_of_Navarone_(film),7
1946,The Harvey Girls,/wiki/The_Harvey_Girls,2
2015,The Hateful Eight,/wiki/The_Hateful_Eight,3
1949,The Heiress,/wiki/The_Heiress,8
1971,The Hellstrom Chronicle,/wiki/The_Hellstrom_Chronicle,1
2011,The Help,/wiki/The_Help_(film),4
1954,The High and the Mighty,/wiki/The_High_and_the_Mighty_(film),6
1975,The Hindenburg,/wiki/The_Hindenburg_(film),3
1962,The Hole,/wiki/The_Hole_(1962_film),1
1960,The Horse with the Flying Tail,/wiki/The_Horse_with_the_Flying_Tail,1
1971,The Hospital,/wiki/The_Hospital,2
2002,The Hours,/wiki/The_Hours_(film),9
1945,The House I Live In,/wiki/The_House_I_Live_In_(1945_film),0
1945,The House on 92nd Street,/wiki/The_House_on_92nd_Street,1
1943,The Human Comedy,/wiki/The_Human_Comedy_(film),5
1990,The Hunt for Red October,/wiki/The_Hunt_for_Red_October_(film),3
1937,The Hurricane,/wiki/The_Hurricane_(1937_film),3
2009,The Hurt Locker,/wiki/The_Hurt_Locker,9
1961,The Hustler,/wiki/The_Hustler_(film),9
2014,The Imitation Game,/wiki/The_Imitation_Game,8
2004,The Incredibles,/wiki/The_Incredibles,4
1935,The Informer,/wiki/The_Informer_(1935_film),6
1942,The Invaders,/wiki/49th_Parallel_(film),3
2011,The Iron Lady,/wiki/The_Iron_Lady_(film),2
1927  /  28,The Jazz Singer,/wiki/The_Jazz_Singer,1
1989,The Johnstown Flood,/wiki/The_Johnstown_Flood_(1989_film),1
1957,The Joker Is Wild,/wiki/The_Joker_Is_Wild,1
1946,The Jolson Story,/wiki/The_Jolson_Story,6
2016,The Jungle Book,/wiki/The_Jungle_Book_(2016_film),1
1984,The Killing Fields,/wiki/The_Killing_Fields_(film),7
1956,The King and I,/wiki/The_King_and_I_(1956_film),9
2010,The King's Speech,/wiki/The_King%27s_Speech,12
2013,The Lady in Number 6,/wiki/The_Lady_in_Number_6,1
1927  /  28,The Last Command,/wiki/The_Last_Command_(1928_film),2
1998,The Last Days,/wiki/The_Last_Days,1
1987,The Last Emperor,/wiki/The_Last_Emperor,9
2006,The Last King of Scotland,/wiki/The_Last_King_of_Scotland_(film),1
1971,The Last Picture Show,/wiki/The_Last_Picture_Show,8
1992,The Last of the Mohicans,/wiki/The_Last_of_the_Mohicans_(1992_film),1
1952,The Lavender Hill Mob,/wiki/The_Lavender_Hill_Mob,2
1937,The Life of Emile Zola,/wiki/The_Life_of_Emile_Zola,10
1994,The Lion King,/wiki/The_Lion_King,4
1968,The Lion in Winter,/wiki/The_Lion_in_Winter_(1968_film),7
1954,The Little Kidnappers,/wiki/The_Kidnappers,0
1989,The Little Mermaid,/wiki/The_Little_Mermaid_(1989_film),3
1948,The Little Orphan,/wiki/The_Little_Orphan,1
2006,The Lives of Others,/wiki/The_Lives_of_Others,1
1935,The Lives of a Bengal Lancer,/wiki/The_Lives_of_a_Bengal_Lancer_(film),7
1953,The Living Desert,/wiki/The_Living_Desert,1
1997,The Long Way Home,/wiki/The_Long_Way_Home_(1997_film),1
1962,The Longest Day,/wiki/The_Longest_Day_(film),5
2001,The Lord of the Rings: The Fellowship of the Ring,/wiki/The_Lord_of_the_Rings:_The_Fellowship_of_the_Ring,13
2003,The Lord of the Rings: The Return of the King,/wiki/The_Lord_of_the_Rings:_The_Return_of_the_King,11
2002,The Lord of the Rings: The Two Towers,/wiki/The_Lord_of_the_Rings:_The_Two_Towers,6
2010,The Lost Thing,/wiki/The_Lost_Thing,1
1945,The Lost Weekend,/wiki/The_Lost_Weekend_(film),7
1990,The Lunch Date,/wiki/The_Lunch_Date,1
1994,The Madness of King George,/wiki/The_Madness_of_King_George,4
1969,The Magic Machines,/wiki/The_Magic_Machines,2
1956,The Man Who Knew Too Much,/wiki/The_Man_Who_Knew_Too_Much_(1956_film),1
1987,The Man Who Planted Trees,/wiki/The_Man_Who_Planted_Trees_(film),1
1975,The Man Who Skied Down Everest,/wiki/The_Man_Who_Skied_Down_Everest,1
1999,The Matrix,/wiki/The_Matrix,4
1934,The Merry Widow,/wiki/The_Merry_Widow_(1934_film),1
1988,The Milagro Beanfield War,/wiki/The_Milagro_Beanfield_War,1
1940,The Milky Way,/wiki/The_Milky_Way_(1940_film),1
1962,The Miracle Worker,/wiki/The_Miracle_Worker_(1962_film),5
1986,The Mission,/wiki/The_Mission_(1986_film),7
2005,The Moon and the Son: An Imagined Conversation,/wiki/The_Moon_and_the_Son:_An_Imagined_Conversation,1
1943,The More the Merrier,/wiki/The_More_the_Merrier,6
2004,The Motorcycle Diaries,/wiki/The_Motorcycle_Diaries_(film),2
2011,The Muppets,/wiki/The_Muppets_(film),1
1931  /  32,The Music Box,/wiki/The_Music_Box,1
1962,The Music Man,/wiki/The_Music_Man_(1962_film),6
1948,The Naked City,/wiki/The_Naked_City,3
2019,The Neighbors' Window,/wiki/The_Neighbors%27_Window,1
2009,The New Tenants,/wiki/The_New_Tenants,1
1964,The Night of the Iguana,/wiki/The_Night_of_the_Iguana_(film),4
1996,The Nutty Professor,/wiki/The_Nutty_Professor_(1996_film),1
1985,The Official Story,/wiki/The_Official_Story,2
1999,The Old Man and the Sea,/wiki/The_Old_Man_and_the_Sea_(1999_film),3
1937,The Old Mill,/wiki/The_Old_Mill,1
1976,The Omen,/wiki/The_Omen,2
1948,The Paleface,/wiki/The_Paleface_(1948_film),1
1992,The Panama Deception,/wiki/The_Panama_Deception,1
1973,The Paper Chase,/wiki/The_Paper_Chase_(film),3
1928  /  29,The Patriot,/wiki/The_Patriot_(1928_film),5
1998,The Personals,/wiki/The_Personals:_Improvisations_on_Romance_in_the_Golden_Years,1
1940,The Philadelphia Story,/wiki/The_Philadelphia_Story_(film),6
2014,The Phone Call,/wiki/The_Phone_Call_(2013_film),1
2002,The Pianist,/wiki/The_Pianist_(2002_film),7
1993,The Piano,/wiki/The_Piano,8
1945,The Picture of Dorian Gray,/wiki/The_Picture_of_Dorian_Gray_(1945_film),3
1964,The Pink Phink,/wiki/The_Pink_Phink,1
1972,The Poseidon Adventure,/wiki/The_Poseidon_Adventure_(1972_film),8
1942,The Pride of the Yankees,/wiki/The_Pride_of_the_Yankees,11
1969,The Prime of Miss Jean Brodie,/wiki/The_Prime_of_Miss_Jean_Brodie_(film),2
1998,The Prince of Egypt,/wiki/The_Prince_of_Egypt,2
1932  /  33,The Private Life of Henry VIII,/wiki/The_Private_Life_of_Henry_VIII,2
1937,The Private Life of the Gannets,/wiki/The_Private_Life_of_the_Gannets,1
1967,The Producers,/wiki/The_Producers_(1967_film),2
1936,The Public Pays,/wiki/The_Public_Pays,1
2006,The Queen,/wiki/The_Queen_(2006_film),6
2021,The Queen of Basketball,/wiki/The_Queen_of_Basketball,1
1952,The Quiet Man,/wiki/The_Quiet_Man,7
1939,The Rains Came,/wiki/The_Rains_Came,6
1946,The Razor's Edge,/wiki/The_Razor%27s_Edge_(1946_film),4
2008,The Reader,/wiki/The_Reader_(2008_film),5
1956,The Red Balloon,/wiki/The_Red_Balloon,1
1948,The Red Shoes,/wiki/The_Red_Shoes_(1948_film),5
1999,The Red Violin,/wiki/The_Red_Violin,1
1967,The Redwoods,/wiki/The_Redwoods,1
1970,The Resurrection of Broncho Billy,/wiki/The_Resurrection_of_Broncho_Billy,1
2015,The Revenant,/wiki/The_Revenant_(2015_film),12
1983,The Right Stuff,/wiki/The_Right_Stuff_(film),8
1984,The River,/wiki/The_River_(1984_film),4
1953,The Robe,/wiki/The_Robe_(film),5
1955,The Rose Tattoo,/wiki/The_Rose_Tattoo_(film),8
2016,The Salesman,/wiki/The_Salesman_(2016_film),1
1977,The Sand Castle,/wiki/The_Sand_Castle_(film),1
1965,The Sandpiper,/wiki/The_Sandpiper,1
1935,The Scoundrel,/wiki/The_Scoundrel_(1935_film),1
1952,The Sea Around Us,/wiki/The_Sea_Around_Us_(film),1
2004,The Sea Inside,/wiki/The_Sea_Inside,2
1948,The Search,/wiki/The_Search,4
1948,The Secret Land,/wiki/The_Secret_Land,1
2009,The Secret in Their Eyes,/wiki/The_Secret_in_Their_Eyes,1
1946,The Seventh Veil,/wiki/The_Seventh_Veil,1
2017,The Shape of Water,/wiki/The_Shape_of_Water,13
1965,The Shop on Main Street,/wiki/The_Shop_on_Main_Street,2
2011,The Shore,/wiki/The_Shore_(2011_film),1
1991,The Silence of the Lambs,/wiki/The_Silence_of_the_Lambs_(film),7
2017,The Silent Child,/wiki/The_Silent_Child,1
1956,The Silent World,/wiki/The_Silent_World,1
1931  /  32,The Sin of Madelon Claudet,/wiki/The_Sin_of_Madelon_Claudet,1
1948,The Snake Pit,/wiki/The_Snake_Pit,6
2010,The Social Network,/wiki/The_Social_Network,8
1956,The Solid Gold Cadillac,/wiki/The_Solid_Gold_Cadillac,2
1943,The Song of Bernadette,/wiki/The_Song_of_Bernadette_(film),12
1965,The Sound of Music,/wiki/The_Sound_of_Music_(film),10
1973,The Sting,/wiki/The_Sting,10
1984,The Stone Carvers,/wiki/The_Stone_Carvers_(film),1
1936,The Story of Louis Pasteur,/wiki/The_Story_of_Louis_Pasteur,4
1949,The Stratton Story,/wiki/The_Stratton_Story,1
1968,The Subject Was Roses,/wiki/The_Subject_Was_Roses_(film),2
1961,The Substitute,/wiki/Surogat,1
1975,The Sunshine Boys,/wiki/The_Sunshine_Boys_(1975_film),4
1956,The Ten Commandments,/wiki/The_Ten_Commandments_(1956_film),7
1987,The Ten-Year Lunch,/wiki/The_Ten-Year_Lunch,1
2014,The Theory of Everything,/wiki/The_Theory_of_Everything_(2014_film),5
1940,The Thief of Bagdad,/wiki/The_Thief_of_Bagdad_(1940_film),4
1950,The Third Man,/wiki/The_Third_Man,3
1968,The Thomas Crown Affair,/wiki/The_Thomas_Crown_Affair_(1968_film),2
1957,The Three Faces of Eve,/wiki/The_Three_Faces_of_Eve,1
1960,The Time Machine,/wiki/The_Time_Machine_(1960_film),1
1984,The Times of Harvey Milk,/wiki/The_Times_of_Harvey_Milk,1
1979,The Tin Drum,/wiki/The_Tin_Drum_(film),1
1950,The Titan: Story of Michelangelo,/wiki/The_Titan:_Story_of_Michelangelo,1
1934,The Tortoise and the Hare,/wiki/The_Tortoise_and_the_Hare_(film),1
1974,The Towering Inferno,/wiki/The_Towering_Inferno,8
1948,The Treasure of the Sierra Madre,/wiki/The_Treasure_of_the_Sierra_Madre_(film),4
1985,The Trip to Bountiful,/wiki/The_Trip_to_Bountiful,2
1945,The True Glory,/wiki/The_True_Glory,1
1956,The True Story of the Civil War,/wiki/The_True_Story_of_the_Civil_War,1
1951,The Two Mouseketeers,/wiki/The_Two_Mouseketeers,1
1939,The Ugly Duckling,/wiki/The_Ugly_Duckling_(1939_film),1
1987,The Untouchables,/wiki/The_Untouchables_(film),4
1995,The Usual Suspects,/wiki/The_Usual_Suspects,2
1963,The V.I.P.s,/wiki/The_V.I.P.s_(film),1
1954,The Vanishing Prairie,/wiki/The_Vanishing_Prairie,1
1960,The Virgin Spring,/wiki/The_Virgin_Spring,2
1950,The Walls of Malapaga,/wiki/The_Walls_of_Malapaga,0
1966,The War Game,/wiki/The_War_Game,1
1953,The War of the Worlds,/wiki/The_War_of_the_Worlds_(1953_film),3
1973,The Way We Were,/wiki/The_Way_We_Were,6
1927  /  28,The Way of All Flesh,/wiki/The_Way_of_All_Flesh_(1927_film),1
1940,The Westerner,/wiki/The_Westerner_(1940_film),3
1957,The Wetback Hound,/wiki/The_Wetback_Hound,1
2022,The Whale,/wiki/The_Whale_(2022_film),3
2016,The White Helmets,/wiki/The_White_Helmets_(film),1
2021,The Windshield Wiper,/wiki/The_Windshield_Wiper,1
1939,The Wizard of Oz,/wiki/The_Wizard_of_Oz_(1939_film),6
2010,The Wolfman,/wiki/The_Wolfman_(2010_film),1
1984,The Woman in Red,/wiki/The_Woman_in_Red_(1984_film),1
1962,The Wonderful World of the Brothers Grimm,/wiki/The_Wonderful_World_of_the_Brothers_Grimm,4
1993,The Wrong Trousers,/wiki/The_Wrong_Trousers,1
1943,The Yankee Doodle Mouse,/wiki/The_Yankee_Doodle_Mouse,1
1983,The Year of Living Dangerously,/wiki/The_Year_of_Living_Dangerously_(film),1
1946,The Yearling,/wiki/The_Yearling_(1946_film),7
2009,The Young Victoria,/wiki/The_Young_Victoria,3
1991,Thelma & Louise,/wiki/Thelma_%26_Louise,6
2007,There Will Be Blood,/wiki/There_Will_Be_Blood,8
1969,"They Shoot Horses, Don't They?","/wiki/They_Shoot_Horses,_Don%27t_They%3F_(film)",9
1944,Thirty Seconds Over Tokyo,/wiki/Thirty_Seconds_Over_Tokyo,2
1942,This Above All,/wiki/This_Above_All_(film),4
2002,This Charming Man,/wiki/This_Charming_Man_(film),1
1943,This Is the Army,/wiki/This_Is_the_Army,3
1943,This Land Is Mine,/wiki/This_Land_Is_Mine_(film),1
1954,This Mechanical Age,/wiki/This_Mechanical_Age,1
1972,This Tiny World,/wiki/This_Tiny_World,1
1967,Thoroughly Modern Millie,/wiki/Thoroughly_Modern_Millie,7
2001,Thoth,/wiki/Thoth_(film),1
2017,"Three Billboards Outside Ebbing, Missouri","/wiki/Three_Billboards_Outside_Ebbing,_Missouri",7
1954,Three Coins in the Fountain,/wiki/Three_Coins_in_the_Fountain_(film),3
1932  /  33,Three Little Pigs,/wiki/Three_Little_Pigs_(film),1
1935,Three Orphan Kittens,/wiki/Three_Orphan_Kittens,1
1961,Through a Glass Darkly,/wiki/Through_a_Glass_Darkly_(film),2
1965,Thunderball,/wiki/Thunderball_(film),1
1954,Thursday's Children,/wiki/Thursday%27s_Children,1
1940,Tin Pan Alley,/wiki/Tin_Pan_Alley_(film),1
1988,Tin Toy,/wiki/Tin_Toy,1
1997,Titanic,/wiki/Titanic_(1997_film),2
1965,To Be Alive!,/wiki/To_Be_Alive!,1
1982,To Begin Again,/wiki/Begin_the_Beguine_(film),1
1955,To Catch a Thief,/wiki/To_Catch_a_Thief,3
1946,To Each His Own,/wiki/To_Each_His_Own_(1946_film),2
1962,To Kill a Mockingbird,/wiki/To_Kill_a_Mockingbird_(film),8
1963,Tom Jones,/wiki/Tom_Jones_(1963_film),10
1953,"Toot, Whistle, Plunk and Boom","/wiki/Toot,_Whistle,_Plunk_and_Boom",1
1982,Tootsie,/wiki/Tootsie,10
1986,Top Gun,/wiki/Top_Gun,4
2022,Top Gun: Maverick,/wiki/Top_Gun:_Maverick,6
1964,Topkapi,/wiki/Topkapi_(film),1
1999,Topsy-Turvy,/wiki/Topsy-Turvy,4
1970,Tora! Tora! Tora!,/wiki/Tora!_Tora!_Tora!,5
1937,Torture Money,/wiki/Torture_Money,1
1990,Total Recall,/wiki/Total_Recall_(1990_film),2
1948,Toward Independence,/wiki/Toward_Independence,1
1995,Toy Story,/wiki/Toy_Story,3
2010,Toy Story 3,/wiki/Toy_Story_3,5
2019,Toy Story 4,/wiki/Toy_Story_4,2
2008,Toyland,/wiki/Toyland_(film),1
2000,Traffic,/wiki/Traffic_(2000_film),5
2001,Training Day,/wiki/Training_Day,2
1931  /  32,Transatlantic,/wiki/Transatlantic_(1931_film),1
1972,Travels with My Aunt,/wiki/Travels_with_My_Aunt_(film),4
1994,Trevor,/wiki/Trevor_(film),1
1969,True Grit,/wiki/True_Grit_(1969_film),2
2005,Tsotsi,/wiki/Tsotsi,1
1947,Tweetie Pie,/wiki/Tweetie_Pie,1
1949,Twelve O'Clock High,/wiki/Twelve_O%27Clock_High,4
2002,Twin Towers,/wiki/Twin_Towers_(film),1
1927  /  28,Two Arabian Knights,/wiki/Two_Arabian_Knights,1
2020  /  21,Two Distant Strangers,/wiki/Two_Distant_Strangers,1
2003,Two Soldiers,/wiki/Two_Soldiers_(2003_film),1
1961,Two Women,/wiki/Two_Women,1
2000,U-571,/wiki/U-571_(film),2
2011,Undefeated,/wiki/Undefeated_(2011_film),1
1927  /  28,Underworld,/wiki/Underworld_(1927_film),1
1992,Unforgiven,/wiki/Unforgiven,9
2009,Up,/wiki/Up_(2009_film),5
1946,Vacation from Marriage,/wiki/Perfect_Strangers_(1945_film),1
1949,Van Gogh,/wiki/Van_Gogh_(1948_film),1
2018,Vice,/wiki/Vice_(2018_film),8
2008,Vicky Cristina Barcelona,/wiki/Vicky_Cristina_Barcelona,1
1982,Victor/Victoria,/wiki/Victor/Victoria,7
1981,Violet,/wiki/Violet_(1981_film),1
1997,Visas and Virtue,/wiki/Visas_and_Virtue,1
1934,Viva Villa!,/wiki/Viva_Villa!,4
1952,Viva Zapata!,/wiki/Viva_Zapata!,5
2008,WALL-E,/wiki/WALL-E,6
1937,Waikiki Wedding,/wiki/Waikiki_Wedding,2
2005,Walk the Line,/wiki/Walk_the_Line,5
1987,Wall Street,/wiki/Wall_Street_(1987_film),1
2005,Wallace & Gromit: The Curse of the Were-Rabbit,/wiki/Wallace_%26_Gromit:_The_Curse_of_the_Were-Rabbit,1
1968,War and Peace,/wiki/War_and_Peace_(film_series),2
2004,Wasp,/wiki/Wasp_(2003_film),1
1943,Watch on the Rhine,/wiki/Watch_on_the_Rhine,4
1952,Water Birds,/wiki/Water_Birds,1
2006,West Bank Story,/wiki/West_Bank_Story,1
2021,West Side Story,/wiki/West_Side_Story_(1961_film),7
1998,What Dreams May Come,/wiki/What_Dreams_May_Come_(film),2
1962,What Ever Happened to Baby Jane?,/wiki/What_Ever_Happened_to_Baby_Jane%3F_(1962_film),5
1954,When Magoo Flew,/wiki/When_Magoo_Flew,1
1939,When Tomorrow Comes,/wiki/When_Tomorrow_Comes_(film),1
1996,When We Were Kings,/wiki/When_We_Were_Kings,1
1951,When Worlds Collide,/wiki/When_Worlds_Collide_(1951_film),2
2014,Whiplash,/wiki/Whiplash_(2014_film),5
1985,White Nights,/wiki/White_Nights_(1985_film),2
1928  /  29,White Shadows in the South Seas,/wiki/White_Shadows_in_the_South_Seas,1
1958,White Wilderness,/wiki/White_Wilderness_(film),2
1977,Who Are the DeBolts? And Where Did They Get Nineteen Kids?,/wiki/Who_Are_the_DeBolts%3F_And_Where_Did_They_Get_Nineteen_Kids%3F,1
1988,Who Framed Roger Rabbit,/wiki/Who_Framed_Roger_Rabbit,6
1966,Who's Afraid of Virginia Woolf?,/wiki/Who%27s_Afraid_of_Virginia_Woolf%3F_(film),13
1944,Who's Who in Animal Land,/wiki/Who%27s_Who_in_Animal_Land,1
1950,Why Korea?,/wiki/Why_Korea%3F,1
1968,Why Man Creates,/wiki/Why_Man_Creates,1
1966,Wild Wings,/wiki/Wild_Wings,1
1944,Wilson,/wiki/Wilson_(1944_film),10
1927  /  28,Wings,/wiki/Wings_(1927_film),2
1935,Wings Over Everest,/wiki/Wings_Over_Everest,1
1968,Winnie the Pooh and the Blustery Day,/wiki/Winnie_the_Pooh_and_the_Blustery_Day,1
1929  /  30,With Byrd at the South Pole,/wiki/With_Byrd_at_the_South_Pole,1
1952,With a Song in My Heart,/wiki/With_a_Song_in_My_Heart_(film),5
1944,With the Marines at Tarawa,/wiki/With_the_Marines_at_Tarawa,1
1985,Witness,/wiki/Witness_(1985_film),8
1985,Witness to War: Dr. Charlie Clements,/wiki/Witness_to_War:_Dr._Charlie_Clements,1
1942,Woman of the Year,/wiki/Woman_of_the_Year,2
2022,Women Talking,/wiki/Women_Talking_(film),2
1970,Women in Love,/wiki/Women_in_Love_(film),4
1986,"Women – for America, for the World","/wiki/Women_%E2%80%93_for_America,_for_the_World",1
2000,Wonder Boys,/wiki/Wonder_Boys_(film),3
1945,Wonder Man,/wiki/Wonder_Man_(film),4
1970,Woodstock,/wiki/Woodstock_(film),3
1989,Work Experience,/wiki/Work_Experience_(film),1
1988,Working Girl,/wiki/Working_Girl,6
1964,World Without Sun,/wiki/World_Without_Sun,1
1951,World of Kids,/wiki/World_of_Kids,1
1931  /  32,Wrestling Swordfish,/wiki/Wrestling_Swordfish,1
1956,Written on the Wind,/wiki/Written_on_the_Wind,3
1939,Wuthering Heights,/wiki/Wuthering_Heights_(1939_film),8
1942,Yankee Doodle Dandy,/wiki/Yankee_Doodle_Dandy,8
1983,Yentl,/wiki/Yentl_(film),5
1964,"Yesterday, Today and Tomorrow","/wiki/Yesterday,_Today_and_Tomorrow",1
1938,You Can't Take It with You,/wiki/You_Can%27t_Take_It_with_You_(film),7
1988,You Don't Have to Die,/wiki/You_Don%27t_Have_to_Die,1
1977,You Light Up My Life,/wiki/You_Light_Up_My_Life_(film),1
1987,Young at Heart,/wiki/Young_at_Heart_(1987_film),1
1969,Z,/wiki/Z_(1969_film),5
2012,Zero Dark Thirty,/wiki/Zero_Dark_Thirty,5
2016,Zootopia,/wiki/Zootopia,1
1964,Zorba the Greek,/wiki/Zorba_the_Greek_(film),7
1958,tom thumb,/wiki/Tom_Thumb_(film),1
